covidID,dateID,province,totalcases,numdeaths,recovery
1,1,BC,53162,901,42129
2,1,AB,104633,1267,84827
3,1,SK,15844,158,12975
4,1,MB,25026,678,19789
5,1,ON,193960,4905,160526
6,1,QC,204101,7966,172047
7,1,NL,390,4,372
8,1,NB,611,9,568
9,1,NS,1497,65,1399
10,1,PE,97,0,89
11,1,YT,64,1,59
12,1,NT,24,0,24
13,1,NU,266,1,262
14,2,BC,57170,999,48205
15,2,AB,111729,1426,94932
16,2,SK,17807,191,14426
17,2,MB,26166,733,20769
18,2,ON,218835,5276,178224
19,2,QC,221559,8315,192979
20,2,NL,392,4,381
21,2,NB,765,9,585
22,2,NS,1525,65,1433
23,2,PE,100,0,93
24,2,YT,70,1,59
25,2,NT,24,0,24
26,2,NU,266,1,264
27,3,BC,60701,1064,53115
28,3,AB,117088,1557,101957
29,3,SK,19985,212,15730
30,3,MB,27322,761,23575
31,3,ON,240220,5644,200406
32,3,QC,235620,8682,210364
33,3,NL,395,4,383
34,3,NB,911,12,631
35,3,NS,1550,65,1459
36,3,PE,107,0,93
37,3,YT,70,1,67
38,3,NT,27,0,24
39,3,NU,266,1,264
40,4,BC,64011,1128,56455
41,4,AB,121013,1672,109078
42,4,SK,21917,250,18506
43,4,MB,28476,797,24307
44,4,ON,256636,6076,222287
45,4,QC,246131,9046,225245
46,4,NL,398,4,386
47,4,NB,1104,13,762
48,4,NS,1567,65,1485
49,4,PE,110,0,103
50,4,YT,70,1,69
51,4,NT,30,0,24
52,4,NU,275,1,264
53,5,BC,67187,1189,59551
54,5,AB,124049,1744,114586
55,5,SK,23626,300,20803
56,5,MB,29446,825,25095
57,5,ON,269410,6449,240494
58,5,QC,254885,9313,237088
59,5,NL,408,4,388
60,5,NB,1230,18,928
61,5,NS,1578,65,1504
62,5,PE,112,0,105
63,5,YT,70,1,69
64,5,NT,31,0,26
65,5,NU,289,1,263
66,6,BC,70144,1246,62567
67,6,AB,126646,1802,118445
68,6,SK,25209,336,22460
69,6,MB,30158,842,26007
70,6,ON,279192,6711,254966
71,6,QC,262303,9526,246695
72,6,NL,415,4,391
73,6,NB,1337,20,1095
74,6,NS,1585,65,1512
75,6,PE,114,0,110
76,6,YT,70,1,69
77,6,NT,32,0,35
78,6,NU,297,1,282
79,7,BC,73202,1298,67008
80,7,AB,128722,1854,121494
81,7,SK,26389,354,24085
82,7,MB,30687,866,28193
83,7,ON,287093,6881,265893
84,7,QC,268785,9685,255146
85,7,NL,686,4,394
86,7,NB,1398,22,1215
87,7,NS,1592,65,1517
88,7,PE,114,0,110
89,7,YT,71,1,69
90,7,NT,36,0,37
91,7,NU,313,1,297
92,8,BC,76339,1327,69970
93,8,AB,130974,1880,124114
94,8,SK,27438,368,25468
95,8,MB,31329,882,29240
96,8,ON,294555,7032,274714
97,8,QC,274137,9786,262506
98,8,NL,901,4,460
99,8,NB,1420,24,1309
100,8,NS,1605,65,1525
101,8,PE,115,0,113
102,8,YT,72,1,69
103,8,NT,41,0,39
104,8,NU,339,1,301
105,9,BC,79909,1355,73188
106,9,AB,133417,1905,126774
107,9,SK,28506,385,26573
108,9,MB,31809,893,29708
109,9,ON,302237,7129,282315
110,9,QC,279519,9858,268645
111,9,NL,980,5,701
112,9,NB,1430,26,1362
113,9,NS,1633,65,1534
114,9,PE,127,0,114
115,9,YT,72,1,71
116,9,NT,42,0,43
117,9,NU,356,1,328
118,10,BC,83652,1383,76752
119,10,AB,135748,1924,128974
120,10,SK,29593,396,27584
121,10,MB,32169,904,30151
122,10,ON,310175,7216,289735
123,10,QC,284471,9925,274245
124,10,NL,1005,6,908
125,10,NB,1453,28,1389
126,10,NS,1654,65,1563
127,10,PE,140,0,115
128,10,YT,72,1,71
129,10,NT,42,0,46
130,10,NU,372,1,354
131,11,BC,87422,1401,80325
132,11,AB,138286,1950,131502
133,11,SK,30522,405,28648
134,11,MB,32699,916,30874
135,11,ON,319674,7304,297403
136,11,QC,289484,9983,279230
137,11,NL,1012,6,949
138,11,NB,1465,30,1401
139,11,NS,1667,65,1585
140,11,PE,144,0,127
141,11,YT,72,1,71
142,11,NT,42,0,46
143,11,NU,382,1,367
144,12,BC,91342,1421,84078
145,12,AB,141763,1965,133800
146,12,SK,31459,417,29608
147,12,MB,33263,920,31188
148,12,ON,330714,7386,306050
149,12,QC,294906,10035,284203
150,12,NL,1014,6,999
151,12,NB,1489,30,1409
152,12,NS,1684,66,1599
153,12,PE,149,0,140
154,12,YT,72,1,71
155,12,NT,42,0,46
156,12,NU,390,3,389
157,13,BC,96613,1452,87866
158,13,AB,146161,1987,136350
159,13,SK,32783,430,30536
160,13,MB,33867,933,31744
161,13,ON,345114,7494,315865
162,13,QC,301135,10082,289132
163,13,NL,1015,6,1004
164,13,NB,1571,30,1430
165,13,NS,1705,66,1618
166,13,PE,156,0,144
167,13,YT,73,1,71
168,13,NT,42,0,47
169,13,NU,395,4,391
170,14,BC,103031,1463,91732
171,14,AB,152176,2002,138560
172,14,SK,34323,436,31744
173,14,MB,34352,938,32162
174,14,ON,364059,7607,327940
175,14,QC,309276,10129,294560
176,14,NL,1020,6,1006
177,14,NB,1641,30,1457
178,14,NS,1732,66,1634
179,14,PE,160,0,145
180,14,YT,74,1,71
181,14,NT,43,0,47
182,14,NU,395,4,391
183,15,BC,110823,1504,98336
184,15,AB,160737,2014,144020
185,15,SK,35984,453,33149
186,15,MB,35101,949,32896
187,15,ON,389643,7769,343622
188,15,QC,320991,10182,301740
189,15,NL,1029,6,1009
190,15,NB,1713,33,1531
191,15,NS,1765,66,1655
192,15,PE,163,0,152
193,15,YT,74,1,73
194,15,NT,43,0,48
195,15,NU,395,4,391
196,16,BC,118107,1530,105291
197,16,AB,170548,2037,149935
198,16,SK,37871,464,34550
199,16,MB,35989,958,33404
200,16,ON,420526,7968,364353
201,16,QC,331263,10253,311047
202,16,NL,1042,6,1011
203,16,NB,1778,33,1594
204,16,NS,1809,67,1689
205,16,PE,170,0,159
206,16,YT,76,1,73
207,16,NT,43,0,48
208,16,NU,414,4,391
209,17,BC,124639,1563,113139
210,17,AB,181452,2070,158603
211,17,SK,39683,473,36652
212,17,MB,37339,967,34481
213,17,ON,448876,8197,392044
214,17,QC,339012,10326,321667
215,17,NL,1056,6,1023
216,17,NB,1847,35,1675
217,17,NS,2034,67,1722
218,17,PE,176,0,164
219,17,YT,80,1,77
220,17,NT,49,0,49
221,17,NU,453,4,400
222,18,BC,130317,1581,119785
223,18,AB,194503,2102,168580
224,18,SK,41360,494,38414
225,18,MB,38993,976,35551
226,18,ON,474091,8425,421216
227,18,QC,346305,10404,330362
228,18,NL,1081,6,1038
229,18,NB,1933,36,1755
230,18,NS,2644,67,1795
231,18,PE,180,0,169
232,18,YT,81,2,79
233,18,NT,57,0,51
234,18,NU,508,4,430
235,19,BC,134937,1614,125799
236,19,AB,208307,2125,179894
237,19,SK,42964,502,40169
238,19,MB,41422,990,37198
239,19,ON,494847,8634,447938
240,19,QC,352563,10446,337538
241,19,NL,1133,6,1056
242,19,NB,1996,41,1813
243,19,NS,3697,70,2145
244,19,PE,185,0,176
245,19,YT,82,2,79
246,19,NT,90,0,57
247,19,NU,564,4,472
248,20,BC,138747,1634,130953
249,20,AB,218647,2153,192688
250,20,SK,44364,516,41776
251,20,MB,44615,1006,39392
252,20,ON,511382,8797,471096
253,20,QC,358064,10492,344039
254,20,NL,1184,6,1096
255,20,NB,2052,41,1897
256,20,NS,4600,72,3030
257,20,PE,191,0,179
258,20,YT,84,2,81
259,20,NT,116,0,83
260,20,NU,611,4,536
261,21,BC,141729,1667,135068
262,21,AB,224010,2188,205960
263,21,SK,45490,526,43194
264,21,MB,47977,1028,41965
265,21,ON,524029,8949,490721
266,21,QC,362209,10543,349498
267,21,NL,1230,6,1155
268,21,NB,2115,43,1949
269,21,NS,5190,77,4161
270,21,PE,197,0,185
271,21,YT,84,2,82
272,21,NT,125,0,118
273,21,NU,636,4,588
274,22,BC,143839,1699,138360
275,22,AB,227135,2223,216167
276,22,SK,46464,537,44519
277,22,MB,50498,1045,44819
278,22,ON,531795,9085,506361
279,22,QC,364997,10576,354104
280,22,NL,1302,6,1192
281,22,NB,2191,43,2004
282,22,NS,5501,83,4880
283,22,PE,202,0,187
284,22,YT,84,2,82
285,22,NT,128,0,125
286,22,NU,645,4,629
287,23,BC,145266,1719,140835
288,23,AB,229116,2247,221644
289,23,SK,47285,546,45498
290,23,MB,52530,1072,47345
291,23,ON,537007,9179,517638
292,23,QC,366802,10605,357425
293,23,NL,1347,6,1266
294,23,NB,2262,44,2068
295,23,NS,5648,87,5339
296,23,PE,205,0,200
297,23,YT,85,2,82
298,23,NT,128,0,128
299,23,NU,649,4,635
300,24,BC,146272,1730,142526
301,24,AB,230423,2269,224782
302,24,SK,47875,555,46446
303,24,MB,54163,1092,49633
304,24,ON,540492,9225,524362
305,24,QC,368096,10624,359698
306,24,NL,1374,7,1323
307,24,NB,2291,45,2152
308,24,NS,5729,89,5502
309,24,PE,206,0,201
310,24,YT,100,2,82
311,24,NT,128,0,128
312,24,NU,654,4,644
313,25,BC,146996,1740,143748
314,25,AB,231295,2290,226800
315,25,SK,48381,562,47059
316,25,MB,55238,1118,51813
317,25,ON,542912,9265,529002
318,25,QC,369074,10638,361160
319,25,NL,1383,7,1350
320,25,NB,2316,45,2215
321,25,NS,5779,90,5611
322,25,PE,206,0,201
323,25,YT,159,3,91
324,25,NT,128,0,128
325,25,NU,657,4,645
326,26,BC,147475,1749,144554
327,26,AB,231810,2297,227768
328,26,SK,48706,566,47543
329,26,MB,55878,1138,53227
330,26,ON,544796,9303,532074
331,26,QC,369726,10650,362130
332,26,NL,1384,7,1366
333,26,NB,2324,45,2245
334,26,NS,5820,91,5671
335,26,PE,207,0,206
336,26,YT,264,4,135
337,26,NT,128,0,128
338,26,NU,657,4,653
339,27,BC,147735,1756,145200
340,27,AB,232163,2304,228901
341,27,SK,48931,568,47942
342,27,MB,56353,1148,54197
343,27,ON,546268,9333,534272
344,27,QC,370241,10661,362961
345,27,NL,1387,7,1372
346,27,NB,2335,45,2268
347,27,NS,5847,92,5706
348,27,PE,208,0,206
349,27,YT,367,5,219
350,27,NT,128,0,128
351,27,NU,657,4,653
352,28,BC,148077,1760,145594
353,28,AB,232467,2306,229429
354,28,SK,49240,572,48254
355,28,MB,56826,1160,54615
356,28,ON,547495,9372,535810
357,28,QC,370743,10666,363775
358,28,NL,1402,7,1375
359,28,NB,2336,46,2283
360,28,NS,5865,92,5734
361,28,PE,208,0,206
362,28,YT,458,5,348
363,28,NT,128,0,128
364,28,NU,657,4,653
365,29,BC,148387,1761,145908
366,29,AB,232755,2315,229783
367,29,SK,49397,575,48462
368,29,MB,57124,1164,55001
369,29,ON,548539,9401,537379
370,29,QC,371280,10671,364328
371,29,NL,1433,7,1376
372,29,NB,2345,46,2290
373,29,NS,5872,92,5770
374,29,PE,208,0,208
375,29,YT,499,6,414
376,29,NT,128,0,128
377,29,NU,657,4,653
378,30,BC,148936,1767,146463
379,30,AB,233492,2320,230039
380,30,SK,49656,578,48738
381,30,MB,57413,1171,55695
382,30,ON,549641,9416,538421
383,30,QC,371979,10679,364539
384,30,NL,1437,7,1391
385,30,NB,2350,46,2293
386,30,NS,5880,93,5777
387,30,PE,208,0,208
388,30,YT,551,6,470
389,30,NT,128,0,128
390,30,NU,657,4,653
391,31,BC,150049,1771,146876
392,31,AB,234795,2324,230312
393,31,SK,50024,578,48967
394,31,MB,57620,1178,55873
395,31,ON,550990,9431,539485
396,31,QC,372897,10682,365105
397,31,NL,1437,7,1421
398,31,NB,2365,46,2299
399,31,NS,5886,93,5785
400,31,PE,208,0,208
401,31,YT,596,7,544
402,31,NT,128,0,129
403,31,NU,657,4,653
404,32,BC,152261,1772,147627
405,32,AB,236790,2329,230966
406,32,SK,50477,582,49267
407,32,MB,57793,1183,56042
408,32,ON,552893,9443,540598
409,32,QC,374509,10684,365997
410,32,NL,1443,7,1422
411,32,NB,2414,46,2312
412,32,NS,5901,93,5794
413,32,PE,211,0,208
414,32,YT,623,8,570
415,32,NT,129,0,129
416,32,NU,657,4,653
417,33,BC,155611,1779,148964
418,33,AB,239963,2332,232169
419,33,SK,51162,586,49618
420,33,MB,57996,1184,56201
421,33,ON,556063,9454,542206
422,33,QC,377018,10687,367029
423,33,NL,1447,7,1426
424,33,NB,2490,46,2359
425,33,NS,5922,93,5801
426,33,PE,218,0,208
427,33,YT,647,8,598
428,33,NT,141,0,129
429,33,NU,657,4,653
430,34,BC,159643,1785,150657
431,34,AB,244492,2346,233945
432,34,SK,52252,586,50188
433,34,MB,58222,1188,56685
434,34,ON,560206,9465,544679
435,34,QC,380187,10694,369280
436,34,NL,1458,7,1430
437,34,NB,2614,46,2415
438,34,NS,5960,93,5822
439,34,PE,223,0,213
440,34,YT,672,8,619
441,34,NT,277,0,132
442,34,NU,657,4,653
443,35,BC,164329,1807,155928
444,35,AB,251137,2372,236935
445,35,SK,53617,597,51033
446,35,MB,58608,1189,56887
447,35,ON,564971,9482,548398
448,35,QC,383765,10697,372064
449,35,NL,1469,7,1441
450,35,NB,2738,46,2514
451,35,NS,6014,94,5850
452,35,PE,230,0,219
453,35,YT,684,8,647
454,35,NT,380,1,132
455,35,NU,657,4,653
456,36,BC,168983,1827,160268
457,36,AB,259773,2414,241100
458,36,SK,55750,610,52246
459,36,MB,58883,1192,57213
460,36,ON,570150,9512,552976
461,36,QC,388215,10711,375390
462,36,NL,1491,7,1448
463,36,NB,2811,46,2625
464,36,NS,6060,94,5898
465,36,PE,234,0,222
466,36,YT,694,8,665
467,36,NT,471,1,323
468,36,NU,658,4,653
469,37,BC,173981,1856,165027
470,37,AB,269213,2471,247328
471,37,SK,58293,618,54087
472,37,MB,59275,1200,57464
473,37,ON,575207,9559,558021
474,37,QC,393192,10726,379378
475,37,NL,1532,7,1473
476,37,NB,2960,47,2725
477,37,NS,6155,94,5945
478,37,PE,246,0,230
479,37,YT,701,9,674
480,37,NT,565,1,410
481,37,NU,659,4,653
482,38,BC,178598,1888,169653
483,38,AB,280761,2567,255834
484,38,SK,61558,638,56591
485,38,MB,59666,1204,57779
486,38,ON,580118,9597,562827
487,38,QC,398339,10753,384095
488,38,NL,1555,7,1503
489,38,NB,3300,48,2818
490,38,NS,6316,94,6056
491,38,PE,273,0,233
492,38,YT,714,9,686
493,38,NT,704,1,503
494,38,NU,661,4,654
495,39,BC,183417,1922,174281
496,39,AB,291780,2670,265695
497,39,SK,64949,667,59531
498,39,MB,60100,1208,58294
499,39,ON,584518,9634,567994
500,39,QC,403085,10780,388602
501,39,NL,1668,7,1531
502,39,NB,3768,54,3081
503,39,NS,6511,95,6222
504,39,PE,292,0,240
505,39,YT,747,9,694
506,39,NT,870,2,617
507,39,NU,663,4,654
508,40,BC,188311,1973,178980
509,40,AB,302772,2785,276856
510,40,SK,68290,708,62758
511,40,MB,60749,1211,58705
512,40,ON,588466,9667,572750
513,40,QC,406960,10810,394301
514,40,NL,1797,9,1591
515,40,NB,4412,64,3534
516,40,NS,6734,97,6378
517,40,PE,300,0,287
518,40,YT,756,9,710
519,40,NT,1079,5,617
520,40,NU,664,4,656
521,41,BC,193094,2001,184121
522,41,AB,310498,2879,287606
523,41,SK,71526,746,65982
524,41,MB,61462,1220,59241
525,41,ON,592309,9704,576951
526,41,QC,410780,10839,398657
527,41,NL,1848,11,1718
528,41,NB,5087,72,4033
529,41,NS,6926,98,6586
530,41,PE,306,0,292
531,41,YT,794,10,746
532,41,NT,1367,6,936
533,41,NU,668,4,656
534,42,BC,197186,2055,188851
535,42,AB,315930,2984,298328
536,42,SK,74074,776,69001
537,42,MB,62091,1230,59794
538,42,ON,595210,9725,580667
539,42,QC,414765,10872,402461
540,42,NL,1881,14,1808
541,42,NB,5735,87,4520
542,42,NS,7104,98,6780
543,42,PE,312,0,303
544,42,YT,840,10,775
545,42,NT,1586,8,1235
546,42,NU,673,4,656
547,43,BC,201511,2109,193325
548,43,AB,320541,3055,306113
549,43,SK,76074,817,72217
550,43,MB,62695,1235,60399
551,43,ON,597833,9758,583931
552,43,QC,417680,10910,406279
553,43,NL,1928,15,1844
554,43,NB,6112,107,5234
555,43,NS,7234,99,6950
556,43,PE,315,0,308
557,43,YT,880,10,821
558,43,NT,1744,9,1516
559,43,NU,674,4,663
560,44,BC,205482,2156,197396
561,44,AB,324008,3118,311738
562,44,SK,77494,850,74337
563,44,MB,63450,1247,60890
564,44,ON,600338,9787,586696
565,44,QC,420964,10931,409722
566,44,NL,1992,16,1860
567,44,NB,6413,116,5668
568,44,NS,7371,100,7085
569,44,PE,317,0,312
570,44,YT,923,10,840
571,44,NT,1847,10,1636
572,44,NU,674,4,670
573,45,BC,208818,2201,201267
574,45,AB,327195,3156,316455
575,45,SK,78567,866,75956
576,45,MB,64390,1260,61806
577,45,ON,603629,9812,589166
578,45,QC,424965,10952,412613
579,45,NL,2003,16,1928
580,45,NB,6716,121,6067
581,45,NS,7590,101,7229
582,45,PE,322,0,315
583,45,YT,1002,10,901
584,45,NT,1882,11,1814
585,45,NU,674,4,670
586,46,BC,212252,2257,204963
587,46,AB,330044,3195,320114
588,46,SK,79387,893,77170
589,46,MB,65511,1269,62613
590,46,ON,607612,9848,591994
591,46,QC,429318,10976,416332
592,46,NL,2025,16,1962
593,46,NB,7129,121,6367
594,46,NS,7841,104,7436
595,46,PE,326,0,319
596,46,YT,1195,10,965
597,46,NT,1982,12,1859
598,46,NU,674,4,670
599,47,BC,215026,2293,208702
600,47,AB,332726,3219,323122
601,47,SK,80278,910,78201
602,47,MB,66542,1286,63644
603,47,ON,612189,9885,595669
604,47,QC,434163,10994,416867
605,47,NL,2035,17,1985
606,47,NB,7579,122,6782
607,47,NS,8027,106,7684
608,47,PE,344,0,320
609,47,YT,1396,12,1183
610,47,NT,2037,12,1906
611,47,NU,674,4,670
612,48,BC,217487,2322,211577
613,48,AB,335074,3244,325951
614,48,SK,80848,921,78987
615,48,MB,67544,1311,64599
616,48,ON,617624,9911,599979
617,48,QC,440436,11009,426422
618,48,NL,2048,18,2009
619,48,NB,8172,123,7176
620,48,NS,8183,109,7889
621,48,PE,366,0,327
622,48,YT,1486,13,1313
623,48,NT,2055,12,1983
624,48,NU,674,4,670
625,49,BC,219935,2351,214047
626,49,AB,337269,3266,328694
627,49,SK,81293,929,79642
628,49,MB,68499,1330,65577
629,49,ON,624230,9950,604749
630,49,QC,448594,11031,431969
631,49,NL,2064,18,2019
632,49,NB,8680,132,7759
633,49,NS,8370,110,8072
634,49,PE,387,0,343
635,49,YT,1543,14,1461
636,49,NT,2066,12,2033
637,49,NU,675,4,670
638,50,BC,222428,2381,216542
639,50,AB,339340,3278,331097
640,50,SK,81780,937,80193
641,50,MB,69670,1349,66471
642,50,ON,633242,10001,610592
643,50,QC,460307,11057,438983
644,50,NL,2078,18,2034
645,50,NB,9492,140,8255
646,50,NS,8843,110,8244
647,50,PE,412,0,374
648,50,YT,1586,14,1509
649,50,NT,2070,12,2046
650,50,NU,676,4,670
651,51,BC,226696,2399,218960
652,51,AB,342603,3293,333306
653,51,SK,82130,942,80627
654,51,MB,71061,1363,67626
655,51,ON,652356,10046,617773
656,51,QC,483213,11096,448759
657,51,NL,2175,18,2051
658,51,NB,10446,148,9064
659,51,NS,10704,110,8380
660,51,PE,484,0,383
661,51,YT,1631,14,1559
662,51,NT,2079,12,2056
663,51,NU,676,4,671
664,52,BC,238210,2414,222604
665,52,AB,352873,3303,335047
666,52,SK,83086,945,80906
667,52,MB,74358,1370,68577
668,52,ON,705514,10099,628670
669,52,QC,547901,11144,464206
670,52,NL,2512,18,2088
671,52,NB,11896,152,9780
672,52,NS,14301,111,8643
673,52,PE,737,0,417
674,52,YT,1668,14,1602
675,52,NT,2088,12,2059
676,52,NU,695,4,672
677,53,BC,258882,2423,230784
678,53,AB,373555,3321,336917
679,53,SK,85188,955,81389
680,53,MB,80096,1392,68780
681,53,ON,807841,10188,652114
682,53,QC,656572,11251,488030
683,53,NL,4597,19,2239
684,53,NB,15069,160,10779
685,53,NS,19175,111,8643
686,53,PE,1447,0,417
687,53,YT,1808,15,1602
688,53,NT,2189,12,2059
689,53,NU,819,4,672
690,54,BC,279448,2439,240198
691,54,AB,406271,3348,348500
692,54,SK,90765,961,82907
693,54,MB,94850,1408,68847
694,54,ON,899260,10378,719739
695,54,QC,759801,11500,577427
696,54,NL,7949,21,3139
697,54,NB,20278,171,12207
698,54,NS,25003,113,17152
699,54,PE,2625,0,703
700,54,YT,2191,15,1752
701,54,NT,2856,12,2113
702,54,NU,976,4,694
703,55,BC,295904,2468,251846
704,55,AB,446494,3407,368986
705,55,SK,98699,961,86815
706,55,MB,107838,1445,69075
707,55,ON,973025,10723,827756
708,55,QC,806897,11914,689848
709,55,NL,12406,25,6485
710,55,NB,22359,183,14760
711,55,NS,30101,119,17152
712,55,PE,4118,1,1867
713,55,YT,2665,15,2210
714,55,NT,3784,13,2435
715,55,NU,1141,5,923
716,56,BC,310242,2529,271553
717,56,AB,471717,3488,401572
718,56,SK,107842,972,94253
719,56,MB,114021,1492,75954
720,56,ON,1019843,11186,908533
721,56,QC,837681,12397,747819
722,56,NL,14805,31,11358
723,56,NB,25465,207,20083
724,56,NS,34021,128,17152
725,56,PE,5807,6,2598
726,56,YT,2886,16,2592
727,56,NT,4703,14,3189
728,56,NU,1346,5,1047
729,57,BC,322265,2597,287931
730,57,AB,490661,3578,442605
731,57,SK,116511,989,102969
732,57,MB,118862,1543,87599
733,57,ON,1051964,11634,965386
734,57,QC,861292,12778,791198
735,57,NL,16966,38,14231
736,57,NB,28442,228,22405
737,57,NS,37200,142,31208
738,57,PE,7462,10,4172
739,57,YT,3076,16,2852
740,57,NT,5607,15,4438
741,57,NU,1657,5,1187
742,58,BC,331964,2675,302788
743,58,AB,505406,3684,467088
744,58,SK,122525,1006,111734
745,58,MB,122632,1585,103624
746,58,ON,1074251,11991,1002880
747,58,QC,882336,13062,818774
748,58,NL,18464,47,16437
749,58,NB,30602,258,26136
750,58,NS,39993,157,34587
751,58,PE,8842,12,6115
752,58,YT,3202,19,3041
753,58,NT,6566,16,5379
754,58,NU,1929,5,1444
755,59,BC,339736,2747,307963
756,59,AB,514690,3780,486270
757,59,SK,125756,1056,113023
758,59,MB,125844,1619,110432
759,59,ON,1092008,12219,1030423
760,59,QC,899235,13293,844373
761,59,NL,19954,54,18048
762,59,NB,32610,286,28429
763,59,NS,42230,172,37034
764,59,PE,10105,14,7548
765,59,YT,3314,20,3195
766,59,NT,7440,17,6447
767,59,NU,2155,5,1640
768,60,BC,344262,2786,307963
769,60,AB,520200,3854,500756
770,60,SK,127162,1093,113023
771,60,MB,128486,1649,115473
772,60,ON,1105523,12394,1051247
773,60,QC,910977,13449,870517
774,60,NL,21613,62,19473
775,60,NB,34222,298,30488
776,60,NS,43833,185,39990
777,60,PE,11484,15,9359
778,60,YT,3369,20,3301
779,60,NT,8124,18,7494
780,60,NU,2414,5,1974
781,61,BC,347729,2851,307963
782,61,AB,524329,3916,510371
783,61,SK,128263,1137,113023
784,61,MB,130277,1675,119754
785,61,ON,1117883,12519,1069795
786,61,QC,920174,13556,886721
787,61,NL,23443,65,20992
788,61,NB,36417,301,32734
789,61,NS,45351,192,41435
790,61,PE,13361,16,10326
791,61,YT,3438,21,3362
792,61,NT,8656,19,8089
793,61,NU,2690,5,2299
794,62,BC,350329,2903,307963
795,62,AB,527723,3970,516004
796,62,SK,129251,1151,113023
797,62,MB,131526,1690,122694
798,62,ON,1129245,12611,1082001
799,62,QC,927786,13669,895073
800,62,NL,26197,69,22829
801,62,NB,38937,309,34734
802,62,NS,46719,207,43018
803,62,PE,16604,16,11896
804,62,YT,3495,22,3433
805,62,NT,9107,19,8733
806,62,NU,3017,5,2560
807,63,BC,352319,2932,307963
808,63,AB,530967,4006,520213
809,63,SK,130082,1179,113023
810,63,MB,132681,1710,125913
811,63,ON,1140607,12674,1095221
812,63,QC,935274,13757,907358
813,63,NL,30100,76,25162
814,63,NB,42320,320,37138
815,63,NS,48076,217,43018
816,63,PE,19603,16,13996
817,63,YT,3562,23,3484
818,63,NT,9487,20,9131
819,63,NU,3262,5,2859
820,64,BC,353778,2966,307963
821,64,AB,534675,4036,523679
822,64,SK,130977,1211,113023
823,64,MB,133928,1726,127799
824,64,ON,1151936,12738,1107840
825,64,QC,943732,13832,914755
826,64,NL,33834,86,25162
827,64,NB,45101,336,37808
828,64,NS,50534,228,43018
829,64,PE,22151,16,17252
830,64,YT,3640,23,3544
831,64,NT,9841,21,9466
832,64,NU,3370,5,3007
833,65,BC,355299,2983,307963
834,65,AB,539053,4066,523679
835,65,SK,132172,1232,113023
836,65,MB,135214,1744,129338
837,65,ON,1166299,12795,1120117
838,65,QC,957152,13902,922398
839,65,NL,36624,100,25162
840,65,NB,48197,349,40322
841,65,NS,53825,241,43018
842,65,PE,24747,17,20035
843,65,YT,3737,24,3606
844,65,NT,10374,21,9804
845,65,NU,3441,6,3178
846,66,BC,357242,3004,307963
847,66,AB,544254,4098,523679
848,66,SK,133204,1255,113023
849,66,MB,136573,1751,129338
850,66,ON,1184369,12856,1133514
851,66,QC,977011,13977,931800
852,66,NL,39312,115,25162
853,66,NB,51854,358,42893
854,66,NS,58398,252,43018
855,66,PE,27271,19,22295
856,66,YT,3855,24,3706
857,66,NT,10873,21,10262
858,66,NU,3506,7,3389
859,67,BC,359002,3036,307963
860,67,AB,550313,4137,523679
861,67,SK,134252,1275,113023
862,67,MB,138271,1759,129338
863,67,ON,1206931,12922,1149833
864,67,QC,999276,14106,943855
865,67,NL,41255,128,25162
866,67,NB,55812,368,45362
867,67,NS,69899,271,43018
868,67,PE,29649,20,24737
869,67,YT,3953,24,3805
870,67,NT,11098,21,10614
871,67,NU,3531,7,3435
872,68,BC,361034,3077,307963
873,68,AB,556387,4186,523679
874,68,SK,135099,1295,113023
875,68,MB,139465,1774,129338
876,68,ON,1230037,13035,1168929
877,68,QC,1018812,14268,963022
878,68,NL,42576,143,25162
879,68,NB,58768,378,49723
880,68,NS,79289,286,43018
881,68,PE,31706,22,27418
882,68,YT,4015,24,3805
883,68,NT,11136,21,10614
884,68,NU,3531,7,3435
885,69,BC,363302,3147,307963
886,69,AB,563032,4248,523679
887,69,SK,135926,1310,113023
888,69,MB,140931,1792,129338
889,69,ON,1251990,13144,1191712
890,69,QC,1034270,14438,983050
891,69,NL,43538,156,25162
892,69,NB,60756,384,49723
893,69,NS,85123,307,43018
894,69,PE,33525,24,29743
895,69,YT,4125,24,4001
896,69,NT,11243,22,10614
897,69,NU,3531,7,3435
898,70,BC,365577,3226,307963
899,70,AB,568829,4311,523679
900,70,SK,136667,1324,113023
901,70,MB,141973,1819,129338
902,70,ON,1269166,13256,1214942
903,70,QC,1045747,14605,983050
904,70,NL,44251,165,25162
905,70,NB,62148,399,49723
906,70,NS,89225,330,43018
907,70,PE,34935,26,31670
908,70,YT,4203,25,4001
909,70,NT,11348,22,11140
910,70,NU,3531,7,3435
911,71,BC,367559,3307,307963
912,71,AB,573694,4373,523679
913,71,SK,137376,1343,113023
914,71,MB,142875,1847,129338
915,71,ON,1283281,13395,1235302
916,71,QC,1054158,14722,983050
917,71,NL,44788,171,25162
918,71,NB,63486,406,49723
919,71,NS,92781,349,43018
920,71,PE,35947,29,33654
921,71,YT,4271,25,4146
922,71,NT,11411,22,11264
923,71,NU,3531,7,3435
924,72,BC,369202,3398,307963
925,72,AB,577412,4432,523679
926,72,SK,137840,1364,113023
927,72,MB,143603,1913,129338
928,72,ON,1294614,13493,1249820
929,72,QC,1060155,14834,983050
930,72,NL,45196,176,25162
931,72,NB,64490,411,49723
932,72,NS,95802,371,43018
933,72,PE,36785,33,33654
934,72,YT,4321,25,4214
935,72,NT,11426,22,11327
936,72,NU,3531,7,3435
937,73,BC,370559,3469,307963
938,73,AB,580399,4485,523679
939,73,SK,138193,1376,113023
940,73,MB,144140,1928,129338
941,73,ON,1303135,13566,1265415
942,73,QC,1064265,14890,983050
943,73,NL,45573,179,25162
944,73,NB,65258,416,49723
945,73,NS,97938,387,43018
946,73,PE,37383,33,35952
947,73,YT,4349,25,4214
948,73,NT,11433,22,11327
949,73,NU,3531,7,3435
950,74,BC,371720,3547,307963
951,74,AB,582755,4522,523679
952,74,SK,138558,1386,113023
953,74,MB,144556,1980,129338
954,74,ON,1309194,13625,1276210
955,74,QC,1068185,14939,983050
956,74,NL,45964,183,25162
957,74,NB,65812,419,49723
958,74,NS,99688,397,43018
959,74,PE,37850,33,36802
960,74,YT,4381,26,4214
961,74,NT,11466,22,11327
962,74,NU,3531,7,3435
963,75,BC,372611,3614,307963
964,75,AB,584668,4559,523679
965,75,SK,138830,1396,113023
966,75,MB,144895,2004,129338
967,75,ON,1314537,13678,1284384
968,75,QC,1072373,14975,1046143
969,75,NL,46424,185,25162
970,75,NB,66345,421,49723
971,75,NS,101330,415,43018
972,75,PE,38415,34,37431
973,75,YT,4399,26,4214
974,75,NT,11495,22,11327
975,75,NU,3531,7,3435
976,76,BC,373336,3682,307963
977,76,AB,586211,4576,523679
978,76,SK,139224,1412,113023
979,76,MB,145123,2015,129338
980,76,ON,1319596,13718,1290406
981,76,QC,1077079,15005,1050465
982,76,NL,46891,188,25162
983,76,NB,66816,422,65138
984,76,NS,103258,428,43018
985,76,PE,39081,40,38407
986,76,YT,4412,26,4356
987,76,NT,11508,22,11327
988,76,NU,3531,7,3435
989,77,BC,373974,3722,307963
990,77,AB,587394,4589,523679
991,77,SK,139453,1424,113023
992,77,MB,145326,2025,129338
993,77,ON,1323982,13744,1295823
994,77,QC,1082625,15030,1052505
995,77,NL,47353,191,25162
996,77,NB,67241,422,65138
997,77,NS,104971,436,43018
998,77,PE,39732,45,38407
999,77,YT,4432,26,4392
1000,77,NT,11511,22,11327
1001,77,NU,3531,7,3435
1002,78,BC,374594,3747,307963
1003,78,AB,588311,4610,523679
1004,78,SK,139661,1427,113023
1005,78,MB,145498,2043,129338
1006,78,ON,1329416,13774,1300649
1007,78,QC,1089710,15063,1059203
1008,78,NL,47773,193,25162
1009,78,NB,67725,425,65138
1010,78,NS,106633,441,43018
1011,78,PE,40460,45,39108
1012,78,YT,4456,26,4392
1013,78,NT,11511,22,11327
1014,78,NU,3531,7,3435
1015,79,BC,375357,3788,307963
1016,79,AB,589351,4621,523679
1017,79,SK,139871,1431,113023
1018,79,MB,145623,2047,129338
1019,79,ON,1336059,13812,1305387
1020,79,QC,1099702,15110,1064744
1021,79,NL,48179,194,25162
1022,79,NB,68493,429,65138
1023,79,NS,108366,448,43018
1024,79,PE,41417,45,39108
1025,79,YT,4482,26,4392
1026,79,NT,11511,22,11327
1027,79,NU,3531,7,3435
1028,80,BC,376329,3823,307963
1029,80,AB,590691,4639,523679
1030,80,SK,140080,1434,113023
1031,80,MB,145853,2053,129338
1032,80,ON,1344883,13855,1311070
1033,80,QC,1111395,15166,1091336
1034,80,NL,48593,196,25162
1035,80,NB,69537,433,65138
1036,80,NS,109982,455,43018
1037,80,PE,42602,46,40437
1038,80,YT,4510,26,4392
1039,80,NT,11511,22,11327
1040,80,NU,3531,7,3435
1041,81,BC,377372,3855,307963
1042,81,AB,592197,4652,523679
1043,81,SK,140289,1438,113023
1044,81,MB,146024,2056,129338
1045,81,ON,1356422,13911,1318179
1046,81,QC,1124638,15289,1099129
1047,81,NL,48954,200,25162
1048,81,NB,70541,438,65138
1049,81,NS,111769,461,43018
1050,81,PE,44121,48,41242
1051,81,YT,4566,26,4489
1052,81,NT,11511,22,11327
1053,81,NU,3531,7,3435
1054,82,BC,378291,3908,307963
1055,82,AB,593988,4666,523679
1056,82,SK,140670,1448,113023
1057,82,MB,146266,2061,129338
1058,82,ON,1368682,14009,1327260
1059,82,QC,1137508,15392,1099129
1060,82,NL,49412,203,25162
1061,82,NB,71479,443,65138
1062,82,NS,113669,467,43018
1063,82,PE,45645,49,41242
1064,82,YT,4603,26,4489
1065,82,NT,11511,22,11327
1066,82,NU,3531,7,3435
1067,83,BC,379274,3940,307963
1068,83,AB,595659,4687,523679
1069,83,SK,141051,1459,113023
1070,83,MB,146524,2067,129338
1071,83,ON,1379922,14106,1338426
1072,83,QC,1147744,15483,1099129
1073,83,NL,49748,207,25162
1074,83,NB,72226,447,65138
1075,83,NS,115417,468,43018
1076,83,PE,46818,49,41242
1077,83,YT,4682,26,4489
1078,83,NT,11511,22,11327
1079,83,NU,3531,7,3435
1080,84,BC,380174,3995,307963
1081,84,AB,597367,4718,523679
1082,84,SK,141432,1469,113023
1083,84,MB,146874,2079,129338
1084,84,ON,1390463,14224,1350532
1085,84,QC,1155813,15587,1099129
1086,84,NL,50091,212,25162
1087,84,NB,72968,451,65138
1088,84,NS,117142,472,43018
1089,84,PE,47694,51,41242
1090,84,YT,4738,29,4489
1091,84,NT,11511,22,11327
1092,84,NU,3531,7,3435
1093,85,BC,381049,4037,307963
1094,85,AB,599100,4737,523679
1095,85,SK,141815,1479,113023
1096,85,MB,147329,2093,129338
1097,85,ON,1400429,14300,1361747
1098,85,QC,1163070,15666,1099129
1099,85,NL,50430,219,25162
1100,85,NB,73643,456,65138
1101,85,NS,118671,481,43018
1102,85,PE,48353,52,41242
1103,85,YT,4771,30,4489
1104,85,NT,11511,22,11327
1105,85,NU,3531,7,3435
1106,86,BC,381788,4097,307963
1107,86,AB,600629,4772,523679
1108,86,SK,142298,1491,113023
1109,86,MB,147806,2105,129338
1110,86,ON,1410118,14390,1372252
1111,86,QC,1169944,15747,1099129
1112,86,NL,50810,223,25162
1113,86,NB,74440,462,65138
1114,86,NS,120055,490,43018
1115,86,PE,49063,53,41242
1116,86,YT,4798,30,4489
1117,86,NT,11511,22,11327
1118,86,NU,3531,7,3435
1119,87,BC,382436,4145,307963
1120,87,AB,602028,4799,523679
1121,87,SK,142781,1503,113023
1122,87,MB,148428,2115,129338
1123,87,ON,1419317,14496,1382237
1124,87,QC,1175570,15839,1099129
1125,87,NL,51111,227,25162
1126,87,NB,75152,466,65138
1127,87,NS,121380,496,43018
1128,87,PE,49834,54,41242
1129,87,YT,4817,30,4489
1130,87,NT,11511,22,11327
1131,87,NU,3531,7,3435
1132,88,BC,383054,4183,307963
1133,88,AB,603165,4836,523679
1134,88,SK,143264,1515,113023
1135,88,MB,148903,2118,129338
1136,88,ON,1427570,14582,1391716
1137,88,QC,1180607,15899,1099129
1138,88,NL,51329,231,25162
1139,88,NB,75741,472,65138
1140,88,NS,122458,504,43018
1141,88,PE,50404,56,41242
1142,88,YT,4839,30,4489
1143,88,NT,11511,22,11327
1144,88,NU,3531,7,3435
1145,89,BC,383628,4216,307963
1146,89,AB,604210,4857,523679
1147,89,SK,143747,1527,113023
1148,89,MB,149245,2137,129338
1149,89,ON,1434645,14657,1400625
1150,89,QC,1185562,15946,1099129
1151,89,NL,51446,235,25162
1152,89,NB,76316,476,65138
1153,89,NS,123549,518,43018
1154,89,PE,50855,57,41242
1155,89,YT,4859,30,4489
1156,89,NT,11511,22,11327
1157,89,NU,3531,7,3435
1158,90,BC,384266,4253,307963
1159,90,AB,605457,4884,523679
1160,90,SK,144235,1543,113023
1161,90,MB,149622,2143,129338
1162,90,ON,1442405,14734,1409224
1163,90,QC,1190520,15991,1099129
1164,90,NL,51580,236,25162
1165,90,NB,76902,480,65138
1166,90,NS,124511,531,43018
1167,90,PE,51256,59,41242
1168,90,YT,4867,31,4489
1169,90,NT,11511,22,11327
1170,90,NU,3531,7,3435
1171,91,BC,384900,4283,307963
1172,91,AB,606866,4913,523679
1173,91,SK,144704,1550,113023
1174,91,MB,149908,2160,129338
1175,91,ON,1450630,14810,1416737
1176,91,QC,1196087,16028,1099129
1177,91,NL,51743,239,25162
1178,91,NB,77460,485,65138
1179,91,NS,125474,541,43018
1180,91,PE,51604,60,41242
1181,91,YT,4891,31,4489
1182,91,NT,11511,22,11327
1183,91,NU,3531,7,3435
1184,92,BC,385599,4321,307963
1185,92,AB,608256,4944,523679
1186,92,SK,145260,1565,113023
1187,92,MB,150213,2177,129338
1188,92,ON,1458984,14883,1425239
1189,92,QC,1202151,16078,1099129
1190,92,NL,51955,243,25162
1191,92,NB,78056,490,65138
1192,92,NS,126598,544,43018
1193,92,PE,51919,61,41242
1194,92,YT,4908,31,4489
1195,92,NT,11511,22,11327
1196,92,NU,3531,7,3435
1197,93,BC,386293,4370,307963
1198,93,AB,609624,4978,523679
1199,93,SK,145734,1586,113023
1200,93,MB,150554,2190,129338
1201,93,ON,1468042,14982,1433456
1202,93,QC,1208502,16140,1099129
1203,93,NL,52111,246,25162
1204,93,NB,78687,493,65138
1205,93,NS,127608,552,43018
1206,93,PE,52229,63,41242
1207,93,YT,4923,31,4489
1208,93,NT,11511,22,11327
1209,93,NU,3531,7,3435
1210,94,BC,386920,4423,307963
1211,94,AB,610942,5011,523679
1212,94,SK,146222,1599,113023
1213,94,MB,150957,2199,129338
1214,94,ON,1477525,15102,1440901
1215,94,QC,1215109,16199,1099129
1216,94,NL,52335,250,25162
1217,94,NB,79434,576,65138
1218,94,NS,128714,567,43018
1219,94,PE,52683,64,41242
1220,94,YT,4929,31,4489
1221,94,NT,11511,22,11327
1222,94,NU,3531,7,3435
1223,95,BC,387451,4485,307963
1224,95,AB,612350,5050,523679
1225,95,SK,146888,1628,113023
1226,95,MB,151319,2211,129338
1227,95,ON,1487428,15243,1451065
1228,95,QC,1221176,16274,1099129
1229,95,NL,52552,254,25162
1230,95,NB,80126,585,65138
1231,95,NS,129705,583,43018
1232,95,PE,53199,66,41242
1233,95,YT,4941,31,4489
1234,95,NT,11511,22,11327
1235,95,NU,3531,7,3435
1236,96,BC,387936,4525,307963
1237,96,AB,613692,5093,523679
1238,96,SK,147688,1648,113023
1239,96,MB,151730,2232,129338
1240,96,ON,1497336,15392,1461063
1241,96,QC,1227156,16357,1099129
1242,96,NL,52802,257,25162
1243,96,NB,80715,592,65138
1244,96,NS,130534,598,43018
1245,96,PE,53561,69,41242
1246,96,YT,4954,32,4489
1247,96,NT,11511,22,11327
1248,96,NU,3531,7,3435
1249,97,BC,388497,4552,307963
1250,97,AB,615087,5129,523679
1251,97,SK,148288,1678,113023
1252,97,MB,152072,2256,129338
1253,97,ON,1505444,15519,1470891
1254,97,QC,1232862,16439,1099129
1255,97,NL,52973,262,25162
1256,97,NB,81269,599,65138
1257,97,NS,131239,613,43018
1258,97,PE,53797,72,41242
1259,97,YT,4974,32,4489
1260,97,NT,11511,22,11327
1261,97,NU,3531,7,3435
1262,98,BC,388984,4607,307963
1263,98,AB,616398,5169,523679
1264,98,SK,148736,1691,113023
1265,98,MB,152345,2261,129338
1266,98,ON,1511448,15621,1480653
1267,98,QC,1238143,16503,1099129
1268,98,NL,53150,268,25162
1269,98,NB,81787,603,65138
1270,98,NS,131825,628,43018
1271,98,PE,53977,74,41242
1272,98,YT,4989,32,4489
1273,98,NT,11511,22,11327
1274,98,NU,3531,7,3435
1275,99,BC,389479,4642,307963
1276,99,AB,617774,5225,523679
1277,99,SK,149189,1719,113023
1278,99,MB,152659,2277,129338
1279,99,ON,1516685,15722,1488812
1280,99,QC,1243467,16571,1099129
1281,99,NL,53299,271,25162
1282,99,NB,82223,609,65138
1283,99,NS,132351,639,43018
1284,99,PE,54257,76,41242
1285,99,YT,4989,32,4489
1286,99,NT,11511,22,11327
1287,99,NU,3531,7,3435
1288,100,BC,390087,4680,307963
1289,100,AB,619138,5266,523679
1290,100,SK,149678,1740,113023
1291,100,MB,152940,2293,129338
1292,100,ON,1521296,15809,1494823
1293,100,QC,1249656,16655,1099129
1294,100,NL,53465,275,25162
1295,100,NB,82819,615,65138
1296,100,NS,132887,653,43018
1297,100,PE,54559,79,41242
1298,100,YT,4989,32,4489
1299,100,NT,11511,22,11327
1300,100,NU,3531,7,3435
1301,101,BC,390626,4715,307963
1302,101,AB,620291,5308,523679
1303,101,SK,150139,1763,113023
1304,101,MB,153194,2301,129338
1305,101,ON,1526202,15886,1503634
1306,101,QC,1256948,16731,1099129
1307,101,NL,53635,278,25162
1308,101,NB,83425,621,65138
1309,101,NS,133406,666,43018
1310,101,PE,54870,81,41242
1311,101,YT,4989,32,4489
1312,101,NT,11511,22,11327
1313,101,NU,3531,7,3435
1314,102,BC,391285,4760,307963
1315,102,AB,621335,5335,523679
1316,102,SK,150566,1779,113023
1317,102,MB,153349,2305,129338
1318,102,ON,1531452,15960,1503729
1319,102,QC,1264324,16834,1099129
1320,102,NL,53785,282,25162
1321,102,NB,84244,628,65138
1322,102,NS,133919,672,43018
1323,102,PE,55111,81,41242
1324,102,YT,4989,32,4489
1325,102,NT,11511,22,11327
1326,102,NU,3531,7,3435
1327,103,BC,391897,4806,307963
1328,103,AB,622298,5366,523679
1329,103,SK,150942,1800,113023
1330,103,MB,153507,2331,129338
1331,103,ON,1537450,16030,1514025
1332,103,QC,1272075,16926,1099129
1333,103,NL,53914,288,25162
1334,103,NB,84891,722,65138
1335,103,NS,134483,674,43018
1336,103,PE,55319,82,41242
1337,103,YT,4989,32,4489
1338,103,NT,11511,22,11327
1339,103,NU,3531,7,3435
1340,104,BC,392453,4883,307963
1341,104,AB,623121,5395,523679
1342,104,SK,151268,1807,113023
1343,104,MB,153650,2369,129338
1344,104,ON,1543944,16117,1519664
1345,104,QC,1279191,17033,1099129
1346,104,NL,54010,288,25162
1347,104,NB,84891,722,65138
1348,104,NS,135141,682,43018
1349,104,PE,55517,82,41242
1350,104,YT,4989,32,4489
1351,104,NT,11511,22,11327
1352,104,NU,3531,7,3435
1353,105,BC,393145,4896,307963
1354,105,AB,623991,5421,523679
1355,105,SK,151570,1822,113023
1356,105,MB,153784,2369,129338
1357,105,ON,1550579,16189,1526231
1358,105,QC,1285178,17139,1099129
1359,105,NL,54113,295,25162
1360,105,NB,85897,740,65138
1361,105,NS,135956,691,43018
1362,105,PE,55679,82,41242
1363,105,YT,4989,32,4489
1364,105,NT,11511,22,11327
1365,105,NU,3531,7,3435
1366,106,BC,393804,4961,307963
1367,106,AB,624959,5444,523679
1368,106,SK,151941,1833,113023
1369,106,MB,153919,2394,129338
1370,106,ON,1557996,16287,1532259
1371,106,QC,1290655,17237,1099129
1372,106,NL,54255,295,25162
1373,106,NB,86418,749,65138
1374,106,NS,136944,699,43018
1375,106,PE,55825,83,41242
1376,106,YT,4989,32,4489
1377,106,NT,11511,22,11327
1378,106,NU,3531,7,3435
1379,107,BC,394366,5007,307963
1380,107,AB,625888,5475,523679
1381,107,SK,152258,1845,113023
1382,107,MB,154041,2403,129338
1383,107,ON,1563976,16383,1539547
1384,107,QC,1295049,17331,1099129
1385,107,NL,54332,299,25162
1386,107,NB,86851,762,65138
1387,107,NS,137669,705,43018
1388,107,PE,55985,85,41242
1389,107,YT,4989,32,4489
1390,107,NT,11511,22,11327
1391,107,NU,3531,7,3435
1392,108,BC,394774,5061,307963
1393,108,AB,626555,5505,523679
1394,108,SK,152531,1857,113023
1395,108,MB,154100,2418,129338
1396,108,ON,1569190,16460,1545969
1397,108,QC,1298683,17412,1099129
1398,108,NL,54412,299,25162
1399,108,NB,87172,773,65138
1400,108,NS,138331,715,43018
1401,108,PE,56136,85,41242
1402,108,YT,4989,32,4489
1403,108,NT,11511,22,11327
1404,108,NU,3531,7,3435
1405,109,BC,395070,5106,307963
1406,109,AB,627157,5533,523679
1407,109,SK,152773,1867,113023
1408,109,MB,154196,2428,129338
1409,109,ON,1574166,16529,1551199
1410,109,QC,1301748,17479,1099129
1411,109,NL,54473,307,25162
1412,109,NB,87435,781,65138
1413,109,NS,139013,724,43018
1414,109,PE,56201,88,41242
1415,109,YT,4989,32,4489
1416,109,NT,11511,22,11327
1417,109,NU,3531,7,3435
1418,110,BC,395367,5139,307963
1419,110,AB,627702,5555,523679
1420,110,SK,153048,1873,113023
1421,110,MB,154346,2439,129338
1422,110,ON,1578892,16594,1556170
1423,110,QC,1304983,17519,1099129
1424,110,NL,54533,307,25162
1425,110,NB,87774,812,65138
1426,110,NS,139671,746,43018
1427,110,PE,56261,90,41242
1428,110,YT,4989,32,4489
1429,110,NT,11511,22,11327
1430,110,NU,3531,7,3435
1431,111,BC,395709,5157,307963
1432,111,AB,628149,5566,523679
1433,111,SK,153255,1889,113023
1434,111,MB,154494,2456,129338
1435,111,ON,1583510,16655,1561033
1436,111,QC,1308606,17569,1099129
1437,111,NL,54583,314,25162
1438,111,NB,88153,822,65138
1439,111,NS,140111,771,43018
1440,111,PE,56340,92,41242
1441,111,YT,4989,32,4489
1442,111,NT,11511,22,11327
1443,111,NU,3531,7,3435
1444,112,BC,396066,5192,307963
1445,112,AB,628576,5580,523679
1446,112,SK,153457,1892,113023
1447,112,MB,154588,2460,129338
1448,112,ON,1587843,16696,1565480
1449,112,QC,1312008,17624,1099129
1450,112,NL,54646,314,25162
1451,112,NB,88503,825,65138
1452,112,NS,140492,786,43018
1453,112,PE,56408,92,41242
1454,112,YT,4989,32,4489
1455,112,NT,11511,22,11327
1456,112,NU,3531,7,3435
1457,113,BC,396472,5218,307963
1458,113,AB,628946,5593,523679
1459,113,SK,153651,1901,113023
1460,113,MB,154712,2464,129338
1461,113,ON,1591788,16748,1569873
1462,113,QC,1315316,17666,1099129
1463,113,NL,54757,321,25162
1464,113,NB,88866,834,65138
1465,113,NS,140793,794,43018
1466,113,PE,56456,92,41242
1467,113,YT,4989,32,4489
1468,113,NT,11511,22,11327
1469,113,NU,3531,7,3435
1470,114,BC,396817,5249,307963
1471,114,AB,629306,5604,523679
1472,114,SK,153868,1911,113023
1473,114,MB,154862,2466,129338
1474,114,ON,1595697,16806,1573845
1475,114,QC,1318547,17703,1099129
1476,114,NL,54824,321,25162
1477,114,NB,89226,842,65138
1478,114,NS,141038,799,43018
1479,114,PE,56523,93,41242
1480,114,YT,4989,32,4489
1481,114,NT,11511,22,11327
1482,114,NU,3531,7,3435
1483,115,BC,397189,5278,307963
1484,115,AB,629687,5619,523679
1485,115,SK,154105,1921,113023
1486,115,MB,154992,2470,129338
1487,115,ON,1599432,16856,1577762
1488,115,QC,1321478,17755,1099129
1489,115,NL,54897,333,25162
1490,115,NB,89614,848,65138
1491,115,NS,141300,805,43018
1492,115,PE,56606,95,41242
1493,115,YT,4989,32,4489
1494,115,NT,11511,22,11327
1495,115,NU,3531,7,3435
1496,116,BC,397593,5308,307963
1497,116,AB,630085,5631,523679
1498,116,SK,154327,1931,113023
1499,116,MB,155147,2470,129338
1500,116,ON,1603002,16902,1581453
1501,116,QC,1324234,17797,1099129
1502,116,NL,54954,333,25162
1503,116,NB,89927,856,65138
1504,116,NS,141659,816,43018
1505,116,PE,56726,95,41242
1506,116,YT,4989,32,4489
1507,116,NT,11511,22,11327
1508,116,NU,3531,7,3435
1509,117,BC,398050,5339,307963
1510,117,AB,630485,5639,523679
1511,117,SK,154569,1941,113023
1512,117,MB,155300,2470,129338
1513,117,ON,1606398,16946,1585014
1514,117,QC,1326819,17822,1099129
1515,117,NL,54999,339,25162
1516,117,NB,90139,862,65138
1517,117,NS,141908,820,43018
1518,117,PE,56846,95,41242
1519,117,YT,4989,32,4489
1520,117,NT,11511,22,11327
1521,117,NU,3531,7,3435
1522,118,BC,398510,5371,307963
1523,118,AB,630862,5652,523679
1524,118,SK,154812,1950,113023
1525,118,MB,155421,2470,129338
1526,118,ON,1609159,16988,1587978
1527,118,QC,1329345,17860,1099129
1528,118,NL,55074,339,25162
1529,118,NB,90294,868,65138
1530,118,NS,142143,829,43018
1531,118,PE,56989,95,41242
1532,118,YT,4989,32,4489
1533,118,NT,11511,22,11327
1534,118,NU,3531,7,3435
1535,119,BC,398975,5411,307963
1536,119,AB,631206,5674,523679
1537,119,SK,154982,1956,113023
1538,119,MB,155553,2470,129338
1539,119,ON,1611310,17022,1587996
1540,119,QC,1331873,17895,1099129
1541,119,NL,55140,339,25162
1542,119,NB,90392,874,65138
1543,119,NS,142387,832,43018
1544,119,PE,57091,95,41242
1545,119,YT,4989,32,4489
1546,119,NT,11511,22,11327
1547,119,NU,3531,7,3435
1548,120,BC,399494,5430,307963
1549,120,AB,631511,5684,523679
1550,120,SK,155190,1959,113023
1551,120,MB,155725,2483,129338
1552,120,ON,1613572,17055,1587996
1553,120,QC,1334563,17924,1099129
1554,120,NL,55209,339,25162
1555,120,NB,90494,877,65138
1556,120,NS,142585,839,43018
1557,120,PE,57183,96,41242
1558,120,YT,4989,32,4489
1559,120,NT,11511,22,11327
1560,120,NU,3531,7,3435
1561,121,BC,400025,5476,307963
1562,121,AB,631894,5703,523679
1563,121,SK,155381,1961,113023
1564,121,MB,155848,2493,129338
1565,121,ON,1615279,17084,1587996
1566,121,QC,1337037,17959,1099129
1567,121,NL,55261,340,25162
1568,121,NB,90574,879,65138
1569,121,NS,142777,841,43018
1570,121,PE,57226,100,41242
1571,121,YT,4989,32,4489
1572,121,NT,11511,22,11327
1573,121,NU,3531,7,3435
1574,122,BC,400660,5520,307963
1575,122,AB,632235,5719,523679
1576,122,SK,155543,1965,113023
1577,122,MB,155944,2499,129338
1578,122,ON,1616798,17106,1587996
1579,122,QC,1339210,17992,1099129
1580,122,NL,55305,340,25162
1581,122,NB,90652,883,65138
1582,122,NS,142941,850,43018
1583,122,PE,57251,103,41242
1584,122,YT,4989,32,4489
1585,122,NT,11511,22,11327
1586,122,NU,3531,7,3435
1587,123,BC,401126,5555,307963
1588,123,AB,632551,5729,523679
1589,123,SK,155685,1970,113023
1590,123,MB,156049,2501,129338
1591,123,ON,1618249,17136,1587996
1592,123,QC,1341159,18018,1099129
1593,123,NL,55360,344,25162
1594,123,NB,90652,883,65138
1595,123,NS,143108,859,43018
1596,123,PE,57251,103,41242
1597,123,YT,4989,32,4489
1598,123,NT,11511,22,11327
1599,123,NU,3531,7,3435
1600,124,BC,401497,5602,307963
1601,124,AB,632848,5744,523679
1602,124,SK,155812,1976,113023
1603,124,MB,156138,2501,129338
1604,124,ON,1619627,17157,1587996
1605,124,QC,1342770,18035,1099129
1606,124,NL,55404,344,25162
1607,124,NB,90652,883,65138
1608,124,NS,143306,864,43018
1609,124,PE,57276,104,41242
1610,124,YT,4989,32,4489
1611,124,NT,11511,22,11327
1612,124,NU,3531,7,3435
1613,125,BC,401814,5652,307963
1614,125,AB,633076,5761,523679
1615,125,SK,155905,1986,113023
1616,125,MB,156183,2503,129338
1617,125,ON,1620888,17180,1587996
1618,125,QC,1344331,18052,1099129
1619,125,NL,55435,345,25162
1620,125,NB,90652,883,65138
1621,125,NS,143488,866,43018
1622,125,PE,57276,104,41242
1623,125,YT,4989,32,4489
1624,125,NT,11511,22,11327
1625,125,NU,3531,7,3435
1626,126,BC,402077,5663,307963
1627,126,AB,633287,5767,523679
1628,126,SK,155981,1991,113023
1629,126,MB,156243,2503,129338
1630,126,ON,1622095,17196,1587996
1631,126,QC,1345710,18085,1099129
1632,126,NL,55468,345,25162
1633,126,NB,90946,897,65138
1634,126,NS,143696,866,43018
1635,126,PE,57286,104,41242
1636,126,YT,4989,32,4489
1637,126,NT,11511,22,11327
1638,126,NU,3531,7,3435
1639,127,BC,402285,5701,307963
1640,127,AB,633478,5783,523679
1641,127,SK,156017,1993,113023
1642,127,MB,156293,2503,129338
1643,127,ON,1623247,17214,1587996
1644,127,QC,1347063,18117,1099129
1645,127,NL,55497,348,25162
1646,127,NB,90946,897,65138
1647,127,NS,143824,866,43018
1648,127,PE,57286,104,41242
1649,127,YT,4989,32,4489
1650,127,NT,11511,22,11327
1651,127,NU,3531,7,3435
1652,128,BC,402468,5730,307963
1653,128,AB,633602,5794,523679
1654,128,SK,156053,1995,113023
1655,128,MB,156339,2505,129338
1656,128,ON,1624127,17226,1587996
1657,128,QC,1348091,18138,1099129
1658,128,NL,55549,348,25162
1659,128,NB,90946,897,65138
1660,128,NS,143824,866,43018
1661,128,PE,57286,104,41242
1662,128,YT,4989,32,4489
1663,128,NT,11511,22,11327
1664,128,NU,3531,7,3435
1665,129,BC,402639,5749,307963
1666,129,AB,633693,5798,523679
1667,129,SK,156090,1995,113023
1668,129,MB,156377,2505,129338
1669,129,ON,1624879,17245,1587996
1670,129,QC,1348903,18148,1099129
1671,129,NL,55586,349,25162
1672,129,NB,90946,897,65138
1673,129,NS,143824,866,43018
1674,129,PE,57286,104,41242
1675,129,YT,4989,32,4489
1676,129,NT,11511,22,11327
1677,129,NU,3531,7,3435
1678,130,BC,402804,5769,307963
1679,130,AB,633781,5801,523679
1680,130,SK,156123,1997,113023
1681,130,MB,156411,2505,129338
1682,130,ON,1625512,17254,1587996
1683,130,QC,1349552,18162,1099129
1684,130,NL,55647,349,25162
1685,130,NB,91157,913,65138
1686,130,NS,143824,866,43018
1687,130,PE,57327,105,41242
1688,130,YT,4989,32,4489
1689,130,NT,11511,22,11327
1690,130,NU,3531,7,3435
1691,131,BC,402989,5783,307963
1692,131,AB,633877,5808,523679
1693,131,SK,156157,1998,113023
1694,131,MB,156434,2505,129338
1695,131,ON,1626030,17264,1587996
1696,131,QC,1350213,18177,1099129
1697,131,NL,55678,354,25162
1698,131,NB,91157,913,65138
1699,131,NS,144284,866,43018
1700,131,PE,57327,105,41242
1701,131,YT,4989,32,4489
1702,131,NT,11511,22,11327
1703,131,NU,3531,7,3435
1704,132,BC,403162,5795,307963
1705,132,AB,633939,5811,523679
1706,132,SK,156184,1999,113023
1707,132,MB,156434,2505,129338
1708,132,ON,1626476,17272,1587996
1709,132,QC,1350854,18182,1099129
1710,132,NL,55712,354,25162
1711,132,NB,91157,913,65138
1712,132,NS,144284,866,43018
1713,132,PE,57327,105,41242
1714,132,YT,4989,32,4489
1715,132,NT,11511,22,11327
1716,132,NU,3531,7,3435
1717,133,BC,403306,5800,307963
1718,133,AB,634005,5812,523679
1719,133,SK,156228,2002,113023
1720,133,MB,156472,2505,129338
1721,133,ON,1627049,17285,1587996
1722,133,QC,1351498,18190,1099129
1723,133,NL,55755,354,25162
1724,133,NB,91157,913,65138
1725,133,NS,144284,866,43018
1726,133,PE,57327,105,41242
1727,133,YT,4989,32,4489
1728,133,NT,11511,22,11327
1729,133,NU,3531,7,3435
1730,134,BC,403453,5809,307963
1731,134,AB,634104,5815,523679
1732,134,SK,156281,2002,113023
1733,134,MB,156488,2506,129338
1734,134,ON,1627709,17294,1587996
1735,134,QC,1352161,18200,1099129
1736,134,NL,55780,356,25162
1737,134,NB,91265,928,65138
1738,134,NS,144284,866,43018
1739,134,PE,57368,109,41242
1740,134,YT,4989,32,4489
1741,134,NT,11511,22,11327
1742,134,NU,3531,7,3435
1743,135,BC,403605,5816,307963
1744,135,AB,634263,5817,523679
1745,135,SK,156358,2003,113023
1746,135,MB,156524,2506,129338
1747,135,ON,1628415,17306,1587996
1748,135,QC,1352877,18214,1099129
1749,135,NL,55802,358,25162
1750,135,NB,91265,928,65138
1751,135,NS,144284,866,43018
1752,135,PE,57368,109,41242
1753,135,YT,4989,32,4489
1754,135,NT,11511,22,11327
1755,135,NU,3531,7,3435
1756,136,BC,403741,5833,307963
1757,136,AB,634414,5825,523679
1758,136,SK,156399,2004,113023
1759,136,MB,156577,2507,129338
1760,136,ON,1629093,17323,1587996
1761,136,QC,1353814,18230,1099129
1762,136,NL,55823,359,25162
1763,136,NB,91265,928,65138
1764,136,NS,144565,866,43018
1765,136,PE,57368,109,41242
1766,136,YT,4989,32,4489
1767,136,NT,11511,22,11327
1768,136,NU,3531,7,3435
1769,137,BC,403874,5841,307963
1770,137,AB,634603,5830,523679
1771,137,SK,156435,2004,113023
1772,137,MB,156620,2508,129338
1773,137,ON,1629821,17334,1587996
1774,137,QC,1355175,18244,1099129
1775,137,NL,55851,359,25162
1776,137,NB,91265,928,65138
1777,137,NS,144565,866,43018
1778,137,PE,57368,109,41242
1779,137,YT,4989,32,4489
1780,137,NT,11511,22,11327
1781,137,NU,3531,7,3435
1782,138,BC,404105,5857,307963
1783,138,AB,634802,5833,523679
1784,138,SK,156486,2005,113023
1785,138,MB,156676,2508,129338
1786,138,ON,1630983,17348,1587996
1787,138,QC,1356844,18263,1099129
1788,138,NL,55884,360,25162
1789,138,NB,91265,928,65138
1790,138,NS,144565,866,43018
1791,138,PE,57368,109,41242
1792,138,YT,4989,32,4489
1793,138,NT,11511,22,11327
1794,138,NU,3531,7,3435
1795,139,BC,404471,5867,307963
1796,139,AB,635127,5841,523679
1797,139,SK,156567,2005,113023
1798,139,MB,156756,2508,129338
1799,139,ON,1632542,17362,1587996
1800,139,QC,1358799,18285,1099129
1801,139,NL,55921,360,25162
1802,139,NB,91479,935,65138
1803,139,NS,144946,870,43018
1804,139,PE,57415,109,41242
1805,139,YT,4989,32,4489
1806,139,NT,11511,22,11327
1807,139,NU,3531,7,3435
1808,140,BC,404923,5886,307963
1809,140,AB,635435,5855,523679
1810,140,SK,156634,2005,113023
1811,140,MB,156856,2509,129338
1812,140,ON,1634126,17377,1587996
1813,140,QC,1361238,18312,1099129
1814,140,NL,55983,360,25162
1815,140,NB,91574,935,65138
1816,140,NS,144946,870,43018
1817,140,PE,57415,109,41242
1818,140,YT,4989,32,4489
1819,140,NT,11511,22,11327
1820,140,NU,3531,7,3435
1821,141,BC,405348,5910,307963
1822,141,AB,635816,5873,523679
1823,141,SK,156730,2005,113023
1824,141,MB,156993,2509,129338
1825,141,ON,1635961,17400,1587996
1826,141,QC,1364116,18359,1099129
1827,141,NL,56044,361,25162
1828,141,NB,91658,939,65138
1829,141,NS,144946,870,43018
1830,141,PE,57415,109,41242
1831,141,YT,4989,32,4489
1832,141,NT,11511,22,11327
1833,141,NU,3531,7,3435
1834,142,BC,405987,5943,307963
1835,142,AB,636308,5884,523679
1836,142,SK,156853,2007,113023
1837,142,MB,157107,2509,129338
1838,142,ON,1638235,17427,1587996
1839,142,QC,1367497,18409,1099129
1840,142,NL,56105,363,25162
1841,142,NB,91761,939,65138
1842,142,NS,144946,870,43018
1843,142,PE,57415,109,41242
1844,142,YT,4989,32,4489
1845,142,NT,11511,22,11327
1846,142,NU,3531,7,3435
1847,143,BC,406735,5973,307963
1848,143,AB,636899,5905,523679
1849,143,SK,157012,2007,113023
1850,143,MB,157311,2511,129338
1851,143,ON,1640994,17459,1587996
1852,143,QC,1371765,18453,1099129
1853,143,NL,56162,364,25162
1854,143,NB,91863,941,65138
1855,143,NS,144946,870,43018
1856,143,PE,57495,110,41242
1857,143,YT,4989,32,4489
1858,143,NT,11511,22,11327
1859,143,NU,3531,7,3435
1860,144,BC,407621,6014,307963
1861,144,AB,637626,5930,523679
1862,144,SK,157241,2008,113023
1863,144,MB,157538,2511,129338
1864,144,ON,1644221,17500,1587996
1865,144,QC,1376689,18511,1099129
1866,144,NL,56231,366,25162
1867,144,NB,91968,944,65138
1868,144,NS,146422,877,43018
1869,144,PE,57495,110,41242
1870,144,YT,4989,32,4489
1871,144,NT,11511,22,11327
1872,144,NU,3531,7,3435
1873,145,BC,408442,6069,307963
1874,145,AB,638485,5966,523679
1875,145,SK,157511,2011,113023
1876,145,MB,157703,2516,129338
1877,145,ON,1647278,17532,1587996
1878,145,QC,1381888,18582,1099129
1879,145,NL,56317,367,25162
1880,145,NB,92101,946,65138
1881,145,NS,146422,877,43018
1882,145,PE,57566,110,41242
1883,145,YT,4989,32,4489
1884,145,NT,11511,22,11327
1885,145,NU,3531,7,3435
1886,146,BC,409181,6134,307963
1887,146,AB,639436,5996,523679
1888,146,SK,157856,2014,113023
1889,146,MB,157852,2518,129338
1890,146,ON,1649792,17576,1587996
1891,146,QC,1385408,18657,1099129
1892,146,NL,56417,368,25162
1893,146,NB,92255,949,65138
1894,146,NS,147358,879,43018
1895,146,PE,57566,110,41242
1896,146,YT,4989,32,4489
1897,146,NT,11511,22,11327
1898,146,NU,3531,7,3435
1899,147,BC,409754,6204,307963
1900,147,AB,640364,6029,523679
1901,147,SK,158246,2015,113023
1902,147,MB,158053,2518,129338
1903,147,ON,1652743,17614,1587996
1904,147,QC,1388961,18725,1099129
1905,147,NL,56502,369,25162
1906,147,NB,92392,953,65138
1907,147,NS,147358,879,43018
1908,147,PE,57679,111,41242
1909,147,YT,4989,32,4489
1910,147,NT,11511,22,11327
1911,147,NU,3531,7,3435
1912,148,BC,410214,6255,307963
1913,148,AB,641190,6064,523679
1914,148,SK,158642,2016,113023
1915,148,MB,158227,2527,129338
1916,148,ON,1656168,17670,1587996
1917,148,QC,1392429,18796,1099129
1918,148,NL,56577,370,25162
1919,148,NB,92520,956,65138
1920,148,NS,147953,882,43018
1921,148,PE,57679,111,41242
1922,148,YT,4989,32,4489
1923,148,NT,11511,22,11327
1924,148,NU,3531,7,3435
1925,149,BC,410754,6302,307963
1926,149,AB,642136,6103,523679
1927,149,SK,159084,2018,113023
1928,149,MB,158467,2527,129338
1929,149,ON,1659299,17718,1587996
1930,149,QC,1395773,18848,1099129
1931,149,NL,56653,372,25162
1932,149,NB,92636,958,65138
1933,149,NS,148206,891,43018
1934,149,PE,57735,111,41242
1935,149,YT,4989,32,4489
1936,149,NT,11511,22,11327
1937,149,NU,3531,7,3435
1938,150,BC,411232,6346,307963
1939,150,AB,642977,6127,523679
1940,150,SK,159580,2021,113023
1941,150,MB,158725,2527,129338
1942,150,ON,1662737,17771,1587996
1943,150,QC,1399411,18914,1099129
1944,150,NL,56747,373,25162
1945,150,NB,92760,962,65138
1946,150,NS,148499,905,43018
1947,150,PE,57735,111,41242
1948,150,YT,4989,32,4489
1949,150,NT,11511,22,11327
1950,150,NU,3531,7,3435
1951,151,BC,411595,6385,307963
1952,151,AB,643896,6148,523679
1953,151,SK,160006,2025,113023
1954,151,MB,159038,2528,129338
1955,151,ON,1666848,17841,1587996
1956,151,QC,1403575,18970,1099129
1957,151,NL,56848,374,25162
1958,151,NB,92922,964,65138
1959,151,NS,148900,923,43018
1960,151,PE,57861,112,41242
1961,151,YT,4989,32,4489
1962,151,NT,11511,22,11327
1963,151,NU,3531,7,3435
1964,152,BC,411977,6409,307963
1965,152,AB,644703,6160,523679
1966,152,SK,160401,2029,113023
1967,152,MB,159312,2530,129338
1968,152,ON,1671370,17896,1587996
1969,152,QC,1408046,19036,1099129
1970,152,NL,56984,377,25162
1971,152,NB,93075,968,65138
1972,152,NS,149277,931,43018
1973,152,PE,57861,112,41242
1974,152,YT,4989,32,4489
1975,152,NT,11511,22,11327
1976,152,NU,3531,7,3435
1977,153,BC,412334,6449,307963
1978,153,AB,645460,6180,523679
1979,153,SK,160709,2031,113023
1980,153,MB,159520,2534,129338
1981,153,ON,1675591,17954,1587996
1982,153,QC,1413120,19106,1099129
1983,153,NL,57117,379,25162
1984,153,NB,93213,970,65138
1985,153,NS,149614,947,43018
1986,153,PE,58011,113,41242
1987,153,YT,4989,32,4489
1988,153,NT,11511,22,11327
1989,153,NU,3531,7,3435
1990,154,BC,412753,6449,307963
1991,154,AB,646229,6204,523679
1992,154,SK,161016,2033,113023
1993,154,MB,159728,2571,129338
1994,154,ON,1679670,18037,1587996
1995,154,QC,1418541,19178,1099129
1996,154,NL,57236,381,25162
1997,154,NB,93381,972,65138
1998,154,NS,149931,950,43018
1999,154,PE,58070,114,41242
2000,154,YT,4989,32,4489
2001,154,NT,11511,22,11327
2002,154,NU,3531,7,3435
2003,155,BC,412814,6476,307963
2004,155,AB,646890,6219,523679
2005,155,SK,161278,2036,113023
2006,155,MB,159940,2571,129338
2007,155,ON,1684103,18081,1587996
2008,155,QC,1424803,19254,1099129
2009,155,NL,57352,383,25162
2010,155,NB,93381,978,65138
2011,155,NS,150238,959,43018
2012,155,PE,58117,114,41242
2013,155,YT,4989,32,4489
2014,155,NT,11511,22,11327
2015,155,NU,3531,7,3435
2016,156,BC,413170,6501,307963
2017,156,AB,647451,6236,523679
2018,156,SK,161499,2039,113023
2019,156,MB,160090,2571,129338
2020,156,ON,1688265,18125,1587996
2021,156,QC,1430564,19336,1099129
2022,156,NL,57455,384,25162
2023,156,NB,93753,983,65138
2024,156,NS,150542,961,43018
2025,156,PE,58117,114,41242
2026,156,YT,4989,32,4489
2027,156,NT,11511,22,11327
2028,156,NU,3531,7,3435
2029,157,BC,413594,6527,307963
2030,157,AB,647979,6248,523679
2031,157,SK,161701,2048,113023
2032,157,MB,160230,2571,129338
2033,157,ON,1692153,18182,1587996
2034,157,QC,1435424,19422,1099129
2035,157,NL,57542,387,25162
2036,157,NB,93899,989,65138
2037,157,NS,150811,961,43018
2038,157,PE,58228,114,41242
2039,157,YT,4989,32,4489
2040,157,NT,11511,22,11327
2041,157,NU,3531,7,3435
