province,last_updated,data » date,data » change_cases,data » change_fatalities,data » change_tests,data » change_hospitalizations,data » change_criticals,data » change_recoveries,data » change_vaccinations,data » change_vaccinated,data » change_boosters_1,data » change_boosters_2,data » change_vaccines_distributed,data » total_cases,data » total_fatalities,data » total_tests,data » total_hospitalizations,data » total_criticals,data » total_recoveries,data » total_vaccinations,data » total_vaccinated,data » total_boosters_1,data » total_boosters_2,data » total_vaccines_distributed
nu,2022-08-15 16:51:02,2020-01-25,0,0,0,0,0,0,0,0,0,0,0,0,0,0,0,0,0,0,0,0,0,0
,,2020-01-26,0,0,0,0,0,0,0,0,0,0,0,0,0,0,0,0,0,0,0,0,0,0
,,2020-01-27,0,0,0,0,0,0,0,0,0,0,0,0,0,0,0,0,0,0,0,0,0,0
,,2020-01-28,0,0,0,0,0,0,0,0,0,0,0,0,0,0,0,0,0,0,0,0,0,0
,,2020-01-29,0,0,0,0,0,0,0,0,0,0,0,0,0,0,0,0,0,0,0,0,0,0
,,2020-01-30,0,0,0,0,0,0,0,0,0,0,0,0,0,0,0,0,0,0,0,0,0,0
,,2020-01-31,0,0,0,0,0,0,0,0,0,0,0,0,0,0,0,0,0,0,0,0,0,0
,,2020-02-01,0,0,0,0,0,0,0,0,0,0,0,0,0,0,0,0,0,0,0,0,0,0
,,2020-02-02,0,0,0,0,0,0,0,0,0,0,0,0,0,0,0,0,0,0,0,0,0,0
,,2020-02-03,0,0,0,0,0,0,0,0,0,0,0,0,0,0,0,0,0,0,0,0,0,0
,,2020-02-04,0,0,0,0,0,0,0,0,0,0,0,0,0,0,0,0,0,0,0,0,0,0
,,2020-02-05,0,0,0,0,0,0,0,0,0,0,0,0,0,0,0,0,0,0,0,0,0,0
,,2020-02-06,0,0,0,0,0,0,0,0,0,0,0,0,0,0,0,0,0,0,0,0,0,0
,,2020-02-07,0,0,0,0,0,0,0,0,0,0,0,0,0,0,0,0,0,0,0,0,0,0
,,2020-02-08,0,0,0,0,0,0,0,0,0,0,0,0,0,0,0,0,0,0,0,0,0,0
,,2020-02-09,0,0,0,0,0,0,0,0,0,0,0,0,0,0,0,0,0,0,0,0,0,0
,,2020-02-10,0,0,0,0,0,0,0,0,0,0,0,0,0,0,0,0,0,0,0,0,0,0
,,2020-02-11,0,0,0,0,0,0,0,0,0,0,0,0,0,0,0,0,0,0,0,0,0,0
,,2020-02-12,0,0,0,0,0,0,0,0,0,0,0,0,0,0,0,0,0,0,0,0,0,0
,,2020-02-13,0,0,0,0,0,0,0,0,0,0,0,0,0,0,0,0,0,0,0,0,0,0
,,2020-02-14,0,0,0,0,0,0,0,0,0,0,0,0,0,0,0,0,0,0,0,0,0,0
,,2020-02-15,0,0,0,0,0,0,0,0,0,0,0,0,0,0,0,0,0,0,0,0,0,0
,,2020-02-16,0,0,0,0,0,0,0,0,0,0,0,0,0,0,0,0,0,0,0,0,0,0
,,2020-02-17,0,0,0,0,0,0,0,0,0,0,0,0,0,0,0,0,0,0,0,0,0,0
,,2020-02-18,0,0,0,0,0,0,0,0,0,0,0,0,0,0,0,0,0,0,0,0,0,0
,,2020-02-19,0,0,0,0,0,0,0,0,0,0,0,0,0,0,0,0,0,0,0,0,0,0
,,2020-02-20,0,0,0,0,0,0,0,0,0,0,0,0,0,0,0,0,0,0,0,0,0,0
,,2020-02-21,0,0,0,0,0,0,0,0,0,0,0,0,0,0,0,0,0,0,0,0,0,0
,,2020-02-22,0,0,0,0,0,0,0,0,0,0,0,0,0,0,0,0,0,0,0,0,0,0
,,2020-02-23,0,0,0,0,0,0,0,0,0,0,0,0,0,0,0,0,0,0,0,0,0,0
,,2020-02-24,0,0,0,0,0,0,0,0,0,0,0,0,0,0,0,0,0,0,0,0,0,0
,,2020-02-25,0,0,0,0,0,0,0,0,0,0,0,0,0,0,0,0,0,0,0,0,0,0
,,2020-02-26,0,0,0,0,0,0,0,0,0,0,0,0,0,0,0,0,0,0,0,0,0,0
,,2020-02-27,0,0,0,0,0,0,0,0,0,0,0,0,0,0,0,0,0,0,0,0,0,0
,,2020-02-28,0,0,0,0,0,0,0,0,0,0,0,0,0,0,0,0,0,0,0,0,0,0
,,2020-02-29,0,0,0,0,0,0,0,0,0,0,0,0,0,0,0,0,0,0,0,0,0,0
,,2020-03-01,0,0,0,0,0,0,0,0,0,0,0,0,0,0,0,0,0,0,0,0,0,0
,,2020-03-02,0,0,0,0,0,0,0,0,0,0,0,0,0,0,0,0,0,0,0,0,0,0
,,2020-03-03,0,0,0,0,0,0,0,0,0,0,0,0,0,0,0,0,0,0,0,0,0,0
,,2020-03-04,0,0,0,0,0,0,0,0,0,0,0,0,0,0,0,0,0,0,0,0,0,0
,,2020-03-05,0,0,0,0,0,0,0,0,0,0,0,0,0,0,0,0,0,0,0,0,0,0
,,2020-03-06,0,0,0,0,0,0,0,0,0,0,0,0,0,0,0,0,0,0,0,0,0,0
,,2020-03-07,0,0,0,0,0,0,0,0,0,0,0,0,0,0,0,0,0,0,0,0,0,0
,,2020-03-08,0,0,0,0,0,0,0,0,0,0,0,0,0,0,0,0,0,0,0,0,0,0
,,2020-03-09,0,0,0,0,0,0,0,0,0,0,0,0,0,0,0,0,0,0,0,0,0,0
,,2020-03-10,0,0,0,0,0,0,0,0,0,0,0,0,0,0,0,0,0,0,0,0,0,0
,,2020-03-11,0,0,0,0,0,0,0,0,0,0,0,0,0,0,0,0,0,0,0,0,0,0
,,2020-03-12,0,0,0,0,0,0,0,0,0,0,0,0,0,0,0,0,0,0,0,0,0,0
,,2020-03-13,0,0,0,0,0,0,0,0,0,0,0,0,0,0,0,0,0,0,0,0,0,0
,,2020-03-14,0,0,0,0,0,0,0,0,0,0,0,0,0,0,0,0,0,0,0,0,0,0
,,2020-03-15,0,0,0,0,0,0,0,0,0,0,0,0,0,0,0,0,0,0,0,0,0,0
,,2020-03-16,0,0,0,0,0,0,0,0,0,0,0,0,0,0,0,0,0,0,0,0,0,0
,,2020-03-17,0,0,0,0,0,0,0,0,0,0,0,0,0,0,0,0,0,0,0,0,0,0
,,2020-03-18,0,0,0,0,0,0,0,0,0,0,0,0,0,0,0,0,0,0,0,0,0,0
,,2020-03-19,0,0,0,0,0,0,0,0,0,0,0,0,0,0,0,0,0,0,0,0,0,0
,,2020-03-20,0,0,29,0,0,0,0,0,0,0,0,0,0,29,0,0,0,0,0,0,0,0
,,2020-03-21,0,0,0,0,0,0,0,0,0,0,0,0,0,29,0,0,0,0,0,0,0,0
,,2020-03-22,0,0,0,0,0,0,0,0,0,0,0,0,0,29,0,0,0,0,0,0,0,0
,,2020-03-23,0,0,14,0,0,0,0,0,0,0,0,0,0,43,0,0,0,0,0,0,0,0
,,2020-03-24,0,0,0,0,0,0,0,0,0,0,0,0,0,43,0,0,0,0,0,0,0,0
,,2020-03-25,0,0,7,0,0,0,0,0,0,0,0,0,0,50,0,0,0,0,0,0,0,0
,,2020-03-26,0,0,0,0,0,0,0,0,0,0,0,0,0,50,0,0,0,0,0,0,0,0
,,2020-03-27,0,0,7,0,0,0,0,0,0,0,0,0,0,57,0,0,0,0,0,0,0,0
,,2020-03-28,0,0,0,0,0,0,0,0,0,0,0,0,0,57,0,0,0,0,0,0,0,0
,,2020-03-29,0,0,0,0,0,0,0,0,0,0,0,0,0,57,0,0,0,0,0,0,0,0
,,2020-03-30,0,0,22,0,0,0,0,0,0,0,0,0,0,79,0,0,0,0,0,0,0,0
,,2020-03-31,0,0,0,0,0,0,0,0,0,0,0,0,0,79,0,0,0,0,0,0,0,0
,,2020-04-01,0,0,6,0,0,0,0,0,0,0,0,0,0,85,0,0,0,0,0,0,0,0
,,2020-04-02,0,0,0,0,0,0,0,0,0,0,0,0,0,85,0,0,0,0,0,0,0,0
,,2020-04-03,0,0,13,0,0,0,0,0,0,0,0,0,0,98,0,0,0,0,0,0,0,0
,,2020-04-04,0,0,0,0,0,0,0,0,0,0,0,0,0,98,0,0,0,0,0,0,0,0
,,2020-04-05,0,0,0,0,0,0,0,0,0,0,0,0,0,98,0,0,0,0,0,0,0,0
,,2020-04-06,0,0,0,0,0,0,0,0,0,0,0,0,0,98,0,0,0,0,0,0,0,0
,,2020-04-07,0,0,11,0,0,0,0,0,0,0,0,0,0,109,0,0,0,0,0,0,0,0
,,2020-04-08,0,0,5,0,0,0,0,0,0,0,0,0,0,114,0,0,0,0,0,0,0,0
,,2020-04-09,0,0,33,0,0,0,0,0,0,0,0,0,0,147,0,0,0,0,0,0,0,0
,,2020-04-10,0,0,0,0,0,0,0,0,0,0,0,0,0,147,0,0,0,0,0,0,0,0
,,2020-04-11,0,0,0,0,0,0,0,0,0,0,0,0,0,147,0,0,0,0,0,0,0,0
,,2020-04-12,0,0,0,0,0,0,0,0,0,0,0,0,0,147,0,0,0,0,0,0,0,0
,,2020-04-13,0,0,0,0,0,0,0,0,0,0,0,0,0,147,0,0,0,0,0,0,0,0
,,2020-04-14,0,0,34,0,0,0,0,0,0,0,0,0,0,181,0,0,0,0,0,0,0,0
,,2020-04-15,0,0,0,0,0,0,0,0,0,0,0,0,0,181,0,0,0,0,0,0,0,0
,,2020-04-16,0,0,0,0,0,0,0,0,0,0,0,0,0,181,0,0,0,0,0,0,0,0
,,2020-04-17,0,0,0,0,0,0,0,0,0,0,0,0,0,181,0,0,0,0,0,0,0,0
,,2020-04-18,0,0,0,0,0,0,0,0,0,0,0,0,0,181,0,0,0,0,0,0,0,0
,,2020-04-19,0,0,0,0,0,0,0,0,0,0,0,0,0,181,0,0,0,0,0,0,0,0
,,2020-04-20,0,0,0,0,0,0,0,0,0,0,0,0,0,181,0,0,0,0,0,0,0,0
,,2020-04-21,0,0,0,0,0,0,0,0,0,0,0,0,0,181,0,0,0,0,0,0,0,0
,,2020-04-22,0,0,0,0,0,0,0,0,0,0,0,0,0,181,0,0,0,0,0,0,0,0
,,2020-04-23,0,0,0,0,0,0,0,0,0,0,0,0,0,181,0,0,0,0,0,0,0,0
,,2020-04-24,0,0,0,0,0,0,0,0,0,0,0,0,0,181,0,0,0,0,0,0,0,0
,,2020-04-25,0,0,0,0,0,0,0,0,0,0,0,0,0,181,0,0,0,0,0,0,0,0
,,2020-04-26,0,0,0,0,0,0,0,0,0,0,0,0,0,181,0,0,0,0,0,0,0,0
,,2020-04-27,0,0,0,0,0,0,0,0,0,0,0,0,0,181,0,0,0,0,0,0,0,0
,,2020-04-28,0,0,0,0,0,0,0,0,0,0,0,0,0,181,0,0,0,0,0,0,0,0
,,2020-04-29,0,0,0,0,0,0,0,0,0,0,0,0,0,181,0,0,0,0,0,0,0,0
,,2020-04-30,0,0,0,0,0,0,0,0,0,0,0,0,0,181,0,0,0,0,0,0,0,0
,,2020-05-01,0,0,0,0,0,0,0,0,0,0,0,0,0,181,0,0,0,0,0,0,0,0
,,2020-05-02,0,0,0,0,0,0,0,0,0,0,0,0,0,181,0,0,0,0,0,0,0,0
,,2020-05-03,0,0,0,0,0,0,0,0,0,0,0,0,0,181,0,0,0,0,0,0,0,0
,,2020-05-04,0,0,0,0,0,0,0,0,0,0,0,0,0,181,0,0,0,0,0,0,0,0
,,2020-05-05,0,0,0,0,0,0,0,0,0,0,0,0,0,181,0,0,0,0,0,0,0,0
,,2020-05-06,0,0,0,0,0,0,0,0,0,0,0,0,0,181,0,0,0,0,0,0,0,0
,,2020-05-07,0,0,0,0,0,0,0,0,0,0,0,0,0,181,0,0,0,0,0,0,0,0
,,2020-05-08,0,0,0,0,0,0,0,0,0,0,0,0,0,181,0,0,0,0,0,0,0,0
,,2020-05-09,0,0,0,0,0,0,0,0,0,0,0,0,0,181,0,0,0,0,0,0,0,0
,,2020-05-10,0,0,0,0,0,0,0,0,0,0,0,0,0,181,0,0,0,0,0,0,0,0
,,2020-05-11,0,0,0,0,0,0,0,0,0,0,0,0,0,181,0,0,0,0,0,0,0,0
,,2020-05-12,0,0,0,0,0,0,0,0,0,0,0,0,0,181,0,0,0,0,0,0,0,0
,,2020-05-13,0,0,0,0,0,0,0,0,0,0,0,0,0,181,0,0,0,0,0,0,0,0
,,2020-05-14,0,0,0,0,0,0,0,0,0,0,0,0,0,181,0,0,0,0,0,0,0,0
,,2020-05-15,0,0,0,0,0,0,0,0,0,0,0,0,0,181,0,0,0,0,0,0,0,0
,,2020-05-16,0,0,0,0,0,0,0,0,0,0,0,0,0,181,0,0,0,0,0,0,0,0
,,2020-05-17,0,0,0,0,0,0,0,0,0,0,0,0,0,181,0,0,0,0,0,0,0,0
,,2020-05-18,0,0,0,0,0,0,0,0,0,0,0,0,0,181,0,0,0,0,0,0,0,0
,,2020-05-19,0,0,0,0,0,0,0,0,0,0,0,0,0,181,0,0,0,0,0,0,0,0
,,2020-05-20,0,0,0,0,0,0,0,0,0,0,0,0,0,181,0,0,0,0,0,0,0,0
,,2020-05-21,0,0,0,0,0,0,0,0,0,0,0,0,0,181,0,0,0,0,0,0,0,0
,,2020-05-22,0,0,0,0,0,0,0,0,0,0,0,0,0,181,0,0,0,0,0,0,0,0
,,2020-05-23,0,0,0,0,0,0,0,0,0,0,0,0,0,181,0,0,0,0,0,0,0,0
,,2020-05-24,0,0,0,0,0,0,0,0,0,0,0,0,0,181,0,0,0,0,0,0,0,0
,,2020-05-25,0,0,0,0,0,0,0,0,0,0,0,0,0,181,0,0,0,0,0,0,0,0
,,2020-05-26,0,0,0,0,0,0,0,0,0,0,0,0,0,181,0,0,0,0,0,0,0,0
,,2020-05-27,0,0,0,0,0,0,0,0,0,0,0,0,0,181,0,0,0,0,0,0,0,0
,,2020-05-28,0,0,0,0,0,0,0,0,0,0,0,0,0,181,0,0,0,0,0,0,0,0
,,2020-05-29,0,0,0,0,0,0,0,0,0,0,0,0,0,181,0,0,0,0,0,0,0,0
,,2020-05-30,0,0,0,0,0,0,0,0,0,0,0,0,0,181,0,0,0,0,0,0,0,0
,,2020-05-31,0,0,0,0,0,0,0,0,0,0,0,0,0,181,0,0,0,0,0,0,0,0
,,2020-06-01,0,0,0,0,0,0,0,0,0,0,0,0,0,181,0,0,0,0,0,0,0,0
,,2020-06-02,0,0,0,0,0,0,0,0,0,0,0,0,0,181,0,0,0,0,0,0,0,0
,,2020-06-03,0,0,0,0,0,0,0,0,0,0,0,0,0,181,0,0,0,0,0,0,0,0
,,2020-06-04,0,0,0,0,0,0,0,0,0,0,0,0,0,181,0,0,0,0,0,0,0,0
,,2020-06-05,0,0,0,0,0,0,0,0,0,0,0,0,0,181,0,0,0,0,0,0,0,0
,,2020-06-06,0,0,0,0,0,0,0,0,0,0,0,0,0,181,0,0,0,0,0,0,0,0
,,2020-06-07,0,0,0,0,0,0,0,0,0,0,0,0,0,181,0,0,0,0,0,0,0,0
,,2020-06-08,0,0,0,0,0,0,0,0,0,0,0,0,0,181,0,0,0,0,0,0,0,0
,,2020-06-09,0,0,0,0,0,0,0,0,0,0,0,0,0,181,0,0,0,0,0,0,0,0
,,2020-06-10,0,0,985,0,0,0,0,0,0,0,0,0,0,1166,0,0,0,0,0,0,0,0
,,2020-06-11,0,0,31,0,0,0,0,0,0,0,0,0,0,1197,0,0,0,0,0,0,0,0
,,2020-06-12,0,0,0,0,0,0,0,0,0,0,0,0,0,1197,0,0,0,0,0,0,0,0
,,2020-06-13,0,0,0,0,0,0,0,0,0,0,0,0,0,1197,0,0,0,0,0,0,0,0
,,2020-06-14,0,0,0,0,0,0,0,0,0,0,0,0,0,1197,0,0,0,0,0,0,0,0
,,2020-06-15,0,0,0,0,0,0,0,0,0,0,0,0,0,1197,0,0,0,0,0,0,0,0
,,2020-06-16,0,0,0,0,0,0,0,0,0,0,0,0,0,1197,0,0,0,0,0,0,0,0
,,2020-06-17,0,0,0,0,0,0,0,0,0,0,0,0,0,1197,0,0,0,0,0,0,0,0
,,2020-06-18,0,0,91,0,0,0,0,0,0,0,0,0,0,1288,0,0,0,0,0,0,0,0
,,2020-06-19,0,0,0,0,0,0,0,0,0,0,0,0,0,1288,0,0,0,0,0,0,0,0
,,2020-06-20,0,0,0,0,0,0,0,0,0,0,0,0,0,1288,0,0,0,0,0,0,0,0
,,2020-06-21,0,0,0,0,0,0,0,0,0,0,0,0,0,1288,0,0,0,0,0,0,0,0
,,2020-06-22,0,0,57,0,0,0,0,0,0,0,0,0,0,1345,0,0,0,0,0,0,0,0
,,2020-06-23,0,0,0,0,0,0,0,0,0,0,0,0,0,1345,0,0,0,0,0,0,0,0
,,2020-06-24,0,0,0,0,0,0,0,0,0,0,0,0,0,1345,0,0,0,0,0,0,0,0
,,2020-06-25,0,0,0,0,0,0,0,0,0,0,0,0,0,1345,0,0,0,0,0,0,0,0
,,2020-06-26,0,0,0,0,0,0,0,0,0,0,0,0,0,1345,0,0,0,0,0,0,0,0
,,2020-06-27,0,0,0,0,0,0,0,0,0,0,0,0,0,1345,0,0,0,0,0,0,0,0
,,2020-06-28,0,0,0,0,0,0,0,0,0,0,0,0,0,1345,0,0,0,0,0,0,0,0
,,2020-06-29,0,0,73,0,0,0,0,0,0,0,0,0,0,1418,0,0,0,0,0,0,0,0
,,2020-06-30,0,0,0,0,0,0,0,0,0,0,0,0,0,1418,0,0,0,0,0,0,0,0
,,2020-07-01,0,0,0,0,0,0,0,0,0,0,0,0,0,1418,0,0,0,0,0,0,0,0
,,2020-07-02,0,0,0,0,0,0,0,0,0,0,0,0,0,1418,0,0,0,0,0,0,0,0
,,2020-07-03,0,0,49,0,0,0,0,0,0,0,0,0,0,1467,0,0,0,0,0,0,0,0
,,2020-07-04,0,0,0,0,0,0,0,0,0,0,0,0,0,1467,0,0,0,0,0,0,0,0
,,2020-07-05,0,0,0,0,0,0,0,0,0,0,0,0,0,1467,0,0,0,0,0,0,0,0
,,2020-07-06,0,0,0,0,0,0,0,0,0,0,0,0,0,1467,0,0,0,0,0,0,0,0
,,2020-07-07,0,0,0,0,0,0,0,0,0,0,0,0,0,1467,0,0,0,0,0,0,0,0
,,2020-07-08,0,0,0,0,0,0,0,0,0,0,0,0,0,1467,0,0,0,0,0,0,0,0
,,2020-07-09,0,0,0,0,0,0,0,0,0,0,0,0,0,1467,0,0,0,0,0,0,0,0
,,2020-07-10,0,0,0,0,0,0,0,0,0,0,0,0,0,1467,0,0,0,0,0,0,0,0
,,2020-07-11,0,0,0,0,0,0,0,0,0,0,0,0,0,1467,0,0,0,0,0,0,0,0
,,2020-07-12,0,0,0,0,0,0,0,0,0,0,0,0,0,1467,0,0,0,0,0,0,0,0
,,2020-07-13,0,0,86,0,0,0,0,0,0,0,0,0,0,1553,0,0,0,0,0,0,0,0
,,2020-07-14,0,0,0,0,0,0,0,0,0,0,0,0,0,1553,0,0,0,0,0,0,0,0
,,2020-07-15,0,0,0,0,0,0,0,0,0,0,0,0,0,1553,0,0,0,0,0,0,0,0
,,2020-07-16,0,0,0,0,0,0,0,0,0,0,0,0,0,1553,0,0,0,0,0,0,0,0
,,2020-07-17,0,0,0,0,0,0,0,0,0,0,0,0,0,1553,0,0,0,0,0,0,0,0
,,2020-07-18,0,0,0,0,0,0,0,0,0,0,0,0,0,1553,0,0,0,0,0,0,0,0
,,2020-07-19,0,0,0,0,0,0,0,0,0,0,0,0,0,1553,0,0,0,0,0,0,0,0
,,2020-07-20,0,0,0,0,0,0,0,0,0,0,0,0,0,1553,0,0,0,0,0,0,0,0
,,2020-07-21,0,0,0,0,0,0,0,0,0,0,0,0,0,1553,0,0,0,0,0,0,0,0
,,2020-07-22,0,0,0,0,0,0,0,0,0,0,0,0,0,1553,0,0,0,0,0,0,0,0
,,2020-07-23,0,0,0,0,0,0,0,0,0,0,0,0,0,1553,0,0,0,0,0,0,0,0
,,2020-07-24,0,0,0,0,0,0,0,0,0,0,0,0,0,1553,0,0,0,0,0,0,0,0
,,2020-07-25,0,0,0,0,0,0,0,0,0,0,0,0,0,1553,0,0,0,0,0,0,0,0
,,2020-07-26,0,0,0,0,0,0,0,0,0,0,0,0,0,1553,0,0,0,0,0,0,0,0
,,2020-07-27,0,0,166,0,0,0,0,0,0,0,0,0,0,1719,0,0,0,0,0,0,0,0
,,2020-07-28,0,0,0,0,0,0,0,0,0,0,0,0,0,1719,0,0,0,0,0,0,0,0
,,2020-07-29,0,0,32,0,0,0,0,0,0,0,0,0,0,1751,0,0,0,0,0,0,0,0
,,2020-07-30,0,0,0,0,0,0,0,0,0,0,0,0,0,1751,0,0,0,0,0,0,0,0
,,2020-07-31,0,0,0,0,0,0,0,0,0,0,0,0,0,1751,0,0,0,0,0,0,0,0
,,2020-08-01,0,0,0,0,0,0,0,0,0,0,0,0,0,1751,0,0,0,0,0,0,0,0
,,2020-08-02,0,0,0,0,0,0,0,0,0,0,0,0,0,1751,0,0,0,0,0,0,0,0
,,2020-08-03,0,0,0,0,0,0,0,0,0,0,0,0,0,1751,0,0,0,0,0,0,0,0
,,2020-08-04,0,0,0,0,0,0,0,0,0,0,0,0,0,1751,0,0,0,0,0,0,0,0
,,2020-08-05,0,0,0,0,0,0,0,0,0,0,0,0,0,1751,0,0,0,0,0,0,0,0
,,2020-08-06,0,0,0,0,0,0,0,0,0,0,0,0,0,1751,0,0,0,0,0,0,0,0
,,2020-08-07,0,0,0,0,0,0,0,0,0,0,0,0,0,1751,0,0,0,0,0,0,0,0
,,2020-08-08,0,0,0,0,0,0,0,0,0,0,0,0,0,1751,0,0,0,0,0,0,0,0
,,2020-08-09,0,0,0,0,0,0,0,0,0,0,0,0,0,1751,0,0,0,0,0,0,0,0
,,2020-08-10,0,0,155,0,0,0,0,0,0,0,0,0,0,1906,0,0,0,0,0,0,0,0
,,2020-08-11,0,0,0,0,0,0,0,0,0,0,0,0,0,1906,0,0,0,0,0,0,0,0
,,2020-08-12,0,0,49,0,0,0,0,0,0,0,0,0,0,1955,0,0,0,0,0,0,0,0
,,2020-08-13,0,0,0,0,0,0,0,0,0,0,0,0,0,1955,0,0,0,0,0,0,0,0
,,2020-08-14,0,0,43,0,0,0,0,0,0,0,0,0,0,1998,0,0,0,0,0,0,0,0
,,2020-08-15,0,0,0,0,0,0,0,0,0,0,0,0,0,1998,0,0,0,0,0,0,0,0
,,2020-08-16,0,0,0,0,0,0,0,0,0,0,0,0,0,1998,0,0,0,0,0,0,0,0
,,2020-08-17,0,0,0,0,0,0,0,0,0,0,0,0,0,1998,0,0,0,0,0,0,0,0
,,2020-08-18,0,0,0,0,0,0,0,0,0,0,0,0,0,1998,0,0,0,0,0,0,0,0
,,2020-08-19,0,0,0,0,0,0,0,0,0,0,0,0,0,1998,0,0,0,0,0,0,0,0
,,2020-08-20,0,0,0,0,0,0,0,0,0,0,0,0,0,1998,0,0,0,0,0,0,0,0
,,2020-08-21,0,0,0,0,0,0,0,0,0,0,0,0,0,1998,0,0,0,0,0,0,0,0
,,2020-08-22,0,0,0,0,0,0,0,0,0,0,0,0,0,1998,0,0,0,0,0,0,0,0
,,2020-08-23,0,0,0,0,0,0,0,0,0,0,0,0,0,1998,0,0,0,0,0,0,0,0
,,2020-08-24,0,0,0,0,0,0,0,0,0,0,0,0,0,1998,0,0,0,0,0,0,0,0
,,2020-08-25,0,0,0,0,0,0,0,0,0,0,0,0,0,1998,0,0,0,0,0,0,0,0
,,2020-08-26,0,0,0,0,0,0,0,0,0,0,0,0,0,1998,0,0,0,0,0,0,0,0
,,2020-08-27,0,0,0,0,0,0,0,0,0,0,0,0,0,1998,0,0,0,0,0,0,0,0
,,2020-08-28,0,0,0,0,0,0,0,0,0,0,0,0,0,1998,0,0,0,0,0,0,0,0
,,2020-08-29,0,0,0,0,0,0,0,0,0,0,0,0,0,1998,0,0,0,0,0,0,0,0
,,2020-08-30,0,0,0,0,0,0,0,0,0,0,0,0,0,1998,0,0,0,0,0,0,0,0
,,2020-08-31,0,0,323,0,0,0,0,0,0,0,0,0,0,2321,0,0,0,0,0,0,0,0
,,2020-09-01,0,0,0,0,0,0,0,0,0,0,0,0,0,2321,0,0,0,0,0,0,0,0
,,2020-09-02,0,0,0,0,0,0,0,0,0,0,0,0,0,2321,0,0,0,0,0,0,0,0
,,2020-09-03,0,0,0,0,0,0,0,0,0,0,0,0,0,2321,0,0,0,0,0,0,0,0
,,2020-09-04,0,0,0,0,0,0,0,0,0,0,0,0,0,2321,0,0,0,0,0,0,0,0
,,2020-09-05,0,0,0,0,0,0,0,0,0,0,0,0,0,2321,0,0,0,0,0,0,0,0
,,2020-09-06,0,0,0,0,0,0,0,0,0,0,0,0,0,2321,0,0,0,0,0,0,0,0
,,2020-09-07,0,0,0,0,0,0,0,0,0,0,0,0,0,2321,0,0,0,0,0,0,0,0
,,2020-09-08,0,0,0,0,0,0,0,0,0,0,0,0,0,2321,0,0,0,0,0,0,0,0
,,2020-09-09,0,0,0,0,0,0,0,0,0,0,0,0,0,2321,0,0,0,0,0,0,0,0
,,2020-09-10,0,0,0,0,0,0,0,0,0,0,0,0,0,2321,0,0,0,0,0,0,0,0
,,2020-09-11,0,0,0,0,0,0,0,0,0,0,0,0,0,2321,0,0,0,0,0,0,0,0
,,2020-09-12,0,0,0,0,0,0,0,0,0,0,0,0,0,2321,0,0,0,0,0,0,0,0
,,2020-09-13,0,0,0,0,0,0,0,0,0,0,0,0,0,2321,0,0,0,0,0,0,0,0
,,2020-09-14,0,0,0,0,0,0,0,0,0,0,0,0,0,2321,0,0,0,0,0,0,0,0
,,2020-09-15,0,0,0,0,0,0,0,0,0,0,0,0,0,2321,0,0,0,0,0,0,0,0
,,2020-09-16,0,0,0,0,0,0,0,0,0,0,0,0,0,2321,0,0,0,0,0,0,0,0
,,2020-09-17,0,0,0,0,0,0,0,0,0,0,0,0,0,2321,0,0,0,0,0,0,0,0
,,2020-09-18,0,0,0,0,0,0,0,0,0,0,0,0,0,2321,0,0,0,0,0,0,0,0
,,2020-09-19,0,0,0,0,0,0,0,0,0,0,0,0,0,2321,0,0,0,0,0,0,0,0
,,2020-09-20,0,0,0,0,0,0,0,0,0,0,0,0,0,2321,0,0,0,0,0,0,0,0
,,2020-09-21,0,0,424,0,0,0,0,0,0,0,0,0,0,2745,0,0,0,0,0,0,0,0
,,2020-09-22,0,0,0,0,0,0,0,0,0,0,0,0,0,2745,0,0,0,0,0,0,0,0
,,2020-09-23,0,0,0,0,0,0,0,0,0,0,0,0,0,2745,0,0,0,0,0,0,0,0
,,2020-09-24,0,0,0,0,0,0,0,0,0,0,0,0,0,2745,0,0,0,0,0,0,0,0
,,2020-09-25,0,0,0,0,0,0,0,0,0,0,0,0,0,2745,0,0,0,0,0,0,0,0
,,2020-09-26,0,0,0,0,0,0,0,0,0,0,0,0,0,2745,0,0,0,0,0,0,0,0
,,2020-09-27,0,0,0,0,0,0,0,0,0,0,0,0,0,2745,0,0,0,0,0,0,0,0
,,2020-09-28,0,0,0,0,0,0,0,0,0,0,0,0,0,2745,0,0,0,0,0,0,0,0
,,2020-09-29,0,0,0,0,0,0,0,0,0,0,0,0,0,2745,0,0,0,0,0,0,0,0
,,2020-09-30,0,0,0,0,0,0,0,0,0,0,0,0,0,2745,0,0,0,0,0,0,0,0
,,2020-10-01,0,0,0,0,0,0,0,0,0,0,0,0,0,2745,0,0,0,0,0,0,0,0
,,2020-10-02,0,0,0,0,0,0,0,0,0,0,0,0,0,2745,0,0,0,0,0,0,0,0
,,2020-10-03,0,0,0,0,0,0,0,0,0,0,0,0,0,2745,0,0,0,0,0,0,0,0
,,2020-10-04,0,0,0,0,0,0,0,0,0,0,0,0,0,2745,0,0,0,0,0,0,0,0
,,2020-10-05,0,0,0,0,0,0,0,0,0,0,0,0,0,2745,0,0,0,0,0,0,0,0
,,2020-10-06,0,0,0,0,0,0,0,0,0,0,0,0,0,2745,0,0,0,0,0,0,0,0
,,2020-10-07,0,0,0,0,0,0,0,0,0,0,0,0,0,2745,0,0,0,0,0,0,0,0
,,2020-10-08,0,0,0,0,0,0,0,0,0,0,0,0,0,2745,0,0,0,0,0,0,0,0
,,2020-10-09,0,0,0,0,0,0,0,0,0,0,0,0,0,2745,0,0,0,0,0,0,0,0
,,2020-10-10,0,0,533,0,0,0,0,0,0,0,0,0,0,3278,0,0,0,0,0,0,0,0
,,2020-10-11,0,0,0,0,0,0,0,0,0,0,0,0,0,3278,0,0,0,0,0,0,0,0
,,2020-10-12,0,0,0,0,0,0,0,0,0,0,0,0,0,3278,0,0,0,0,0,0,0,0
,,2020-10-13,0,0,0,0,0,0,0,0,0,0,0,0,0,3278,0,0,0,0,0,0,0,0
,,2020-10-14,0,0,0,0,0,0,0,0,0,0,0,0,0,3278,0,0,0,0,0,0,0,0
,,2020-10-15,0,0,0,0,0,0,0,0,0,0,0,0,0,3278,0,0,0,0,0,0,0,0
,,2020-10-16,0,0,0,0,0,0,0,0,0,0,0,0,0,3278,0,0,0,0,0,0,0,0
,,2020-10-17,0,0,0,0,0,0,0,0,0,0,0,0,0,3278,0,0,0,0,0,0,0,0
,,2020-10-18,0,0,0,0,0,0,0,0,0,0,0,0,0,3278,0,0,0,0,0,0,0,0
,,2020-10-19,0,0,0,0,0,0,0,0,0,0,0,0,0,3278,0,0,0,0,0,0,0,0
,,2020-10-20,0,0,0,0,0,0,0,0,0,0,0,0,0,3278,0,0,0,0,0,0,0,0
,,2020-10-21,0,0,0,0,0,0,0,0,0,0,0,0,0,3278,0,0,0,0,0,0,0,0
,,2020-10-22,0,0,0,0,0,0,0,0,0,0,0,0,0,3278,0,0,0,0,0,0,0,0
,,2020-10-23,0,0,0,0,0,0,0,0,0,0,0,0,0,3278,0,0,0,0,0,0,0,0
,,2020-10-24,0,0,0,0,0,0,0,0,0,0,0,0,0,3278,0,0,0,0,0,0,0,0
,,2020-10-25,0,0,0,0,0,0,0,0,0,0,0,0,0,3278,0,0,0,0,0,0,0,0
,,2020-10-26,0,0,0,0,0,0,0,0,0,0,0,0,0,3278,0,0,0,0,0,0,0,0
,,2020-10-27,0,0,0,0,0,0,0,0,0,0,0,0,0,3278,0,0,0,0,0,0,0,0
,,2020-10-28,0,0,0,0,0,0,0,0,0,0,0,0,0,3278,0,0,0,0,0,0,0,0
,,2020-10-29,0,0,223,0,0,0,0,0,0,0,0,0,0,3501,0,0,0,0,0,0,0,0
,,2020-10-30,0,0,135,0,0,0,0,0,0,0,0,0,0,3636,0,0,0,0,0,0,0,0
,,2020-10-31,0,0,0,0,0,0,0,0,0,0,0,0,0,3636,0,0,0,0,0,0,0,0
,,2020-11-01,0,0,0,0,0,0,0,0,0,0,0,0,0,3636,0,0,0,0,0,0,0,0
,,2020-11-02,0,0,45,0,0,0,0,0,0,0,0,0,0,3681,0,0,0,0,0,0,0,0
,,2020-11-03,0,0,0,0,0,0,0,0,0,0,0,0,0,3681,0,0,0,0,0,0,0,0
,,2020-11-04,0,0,0,0,0,0,0,0,0,0,0,0,0,3681,0,0,0,0,0,0,0,0
,,2020-11-05,0,0,59,0,0,0,0,0,0,0,0,0,0,3740,0,0,0,0,0,0,0,0
,,2020-11-06,1,0,63,0,0,0,0,0,0,0,0,1,0,3803,0,0,0,0,0,0,0,0
,,2020-11-07,0,0,0,0,0,0,0,0,0,0,0,1,0,3803,0,0,0,0,0,0,0,0
,,2020-11-08,0,0,0,0,0,0,0,0,0,0,0,1,0,3803,0,0,0,0,0,0,0,0
,,2020-11-09,1,0,0,0,0,0,0,0,0,0,0,2,0,3803,0,0,0,0,0,0,0,0
,,2020-11-10,0,0,0,0,0,0,0,0,0,0,0,2,0,3803,0,0,0,0,0,0,0,0
,,2020-11-11,1,0,0,0,0,0,0,0,0,0,0,3,0,3803,0,0,0,0,0,0,0,0
,,2020-11-12,0,0,141,0,0,0,0,0,0,0,0,3,0,3944,0,0,0,0,0,0,0,0
,,2020-11-13,1,0,73,0,0,0,0,0,0,0,0,4,0,4017,0,0,0,0,0,0,0,0
,,2020-11-14,4,0,0,0,0,0,0,0,0,0,0,8,0,4017,0,0,0,0,0,0,0,0
,,2020-11-15,10,0,0,0,0,0,0,0,0,0,0,18,0,4017,0,0,0,0,0,0,0,0
,,2020-11-16,8,0,0,0,0,0,0,0,0,0,0,26,0,4017,0,0,0,0,0,0,0,0
,,2020-11-17,34,0,72,0,0,0,0,0,0,0,0,60,0,4089,0,0,0,0,0,0,0,0
,,2020-11-18,10,0,52,0,0,0,0,0,0,0,0,70,0,4141,0,0,0,0,0,0,0,0
,,2020-11-19,4,0,0,0,0,0,0,0,0,0,0,74,0,4141,0,0,0,0,0,0,0,0
,,2020-11-20,10,0,152,0,0,0,0,0,0,0,0,84,0,4293,0,0,0,0,0,0,0,0
,,2020-11-21,25,0,0,0,0,2,0,0,0,0,0,109,0,4293,0,0,2,0,0,0,0,0
,,2020-11-22,21,0,0,0,0,0,0,0,0,0,0,130,0,4293,0,0,2,0,0,0,0,0
,,2020-11-23,4,0,351,0,0,0,0,0,0,0,0,134,0,4644,0,0,2,0,0,0,0,0
,,2020-11-24,10,0,0,0,0,0,0,0,0,0,0,144,0,4644,0,0,2,0,0,0,0,0
,,2020-11-25,11,0,68,0,0,0,0,0,0,0,0,155,0,4712,0,0,2,0,0,0,0,0
,,2020-11-26,0,0,0,0,0,3,0,0,0,0,0,155,0,4712,0,0,5,0,0,0,0,0
,,2020-11-27,4,0,32,0,0,3,0,0,0,0,0,159,0,4744,0,0,8,0,0,0,0,0
,,2020-11-28,5,0,0,0,0,25,0,0,0,0,0,164,0,4744,0,0,33,0,0,0,0,0
,,2020-11-29,13,0,0,0,0,32,0,0,0,0,0,177,0,4744,0,0,65,0,0,0,0,0
,,2020-11-30,4,0,0,0,0,8,0,0,0,0,0,181,0,4744,0,0,73,0,0,0,0,0
,,2020-12-01,1,0,152,0,0,16,0,0,0,0,0,182,0,4896,0,0,89,0,0,0,0,0
,,2020-12-02,11,0,68,0,0,24,0,0,0,0,0,193,0,4964,0,0,113,0,0,0,0,0
,,2020-12-03,5,0,0,0,0,10,0,0,0,0,0,198,0,4964,0,0,123,0,0,0,0,0
,,2020-12-04,8,0,158,0,0,32,0,0,0,0,0,206,0,5122,0,0,155,0,0,0,0,0
,,2020-12-05,8,0,0,0,0,3,0,0,0,0,0,214,0,5122,0,0,158,0,0,0,0,0
,,2020-12-06,2,0,0,0,0,7,0,0,0,0,0,216,0,5122,0,0,165,0,0,0,0,0
,,2020-12-07,3,0,68,0,0,3,0,0,0,0,0,219,0,5190,0,0,168,0,0,0,0,0
,,2020-12-08,1,0,0,0,0,8,0,0,0,0,0,220,0,5190,0,0,176,0,0,0,0,0
,,2020-12-09,9,0,78,0,0,5,0,0,0,0,0,229,0,5268,0,0,181,0,0,0,0,0
,,2020-12-10,0,0,0,0,0,6,0,0,0,0,0,229,0,5268,0,0,187,0,0,0,0,0
,,2020-12-11,16,0,271,0,0,2,0,0,0,0,0,245,0,5539,0,0,189,0,0,0,0,0
,,2020-12-12,2,0,0,0,0,8,0,0,0,0,0,247,0,5539,0,0,197,0,0,0,0,0
,,2020-12-13,0,0,0,0,0,2,0,0,0,0,0,247,0,5539,0,0,199,0,0,0,0,0
,,2020-12-14,9,0,-162,0,0,8,0,0,0,0,0,256,0,5377,0,0,207,0,0,0,0,0
,,2020-12-15,2,0,0,0,0,6,0,0,0,0,0,258,0,5377,0,0,213,0,0,0,0,0
,,2020-12-16,0,0,57,0,0,4,0,0,0,0,0,258,0,5434,0,0,217,0,0,0,0,0
,,2020-12-17,1,0,0,0,0,5,0,0,0,0,0,259,0,5434,0,0,222,0,0,0,0,0
,,2020-12-18,0,0,44,0,0,3,0,0,0,0,0,259,0,5478,0,0,225,0,0,0,0,0
,,2020-12-19,0,0,0,0,0,0,0,0,0,0,0,259,0,5478,0,0,225,0,0,0,0,0
,,2020-12-20,0,2,0,0,0,0,0,0,0,0,0,259,2,5478,0,0,225,0,0,0,0,0
,,2020-12-21,3,0,0,0,0,18,0,0,0,0,0,262,2,5478,0,0,243,0,0,0,0,0
,,2020-12-22,0,0,0,0,0,9,0,0,0,0,0,262,2,5478,0,0,252,0,0,0,0,0
,,2020-12-23,2,0,0,0,0,3,0,0,0,0,0,264,2,5478,0,0,255,0,0,0,0,0
,,2020-12-24,1,0,0,0,0,0,0,0,0,0,0,265,2,5478,0,0,255,0,0,0,0,0
,,2020-12-25,0,0,0,0,0,0,0,0,0,0,0,265,2,5478,0,0,255,0,0,0,0,0
,,2020-12-26,0,0,0,0,0,0,0,0,0,0,0,265,2,5478,0,0,255,0,0,0,0,0
,,2020-12-27,0,0,0,0,0,0,0,0,0,0,0,265,2,5478,0,0,255,0,0,0,0,0
,,2020-12-28,1,0,0,0,0,1,0,0,0,0,0,266,2,5478,0,0,256,0,0,0,0,0
,,2020-12-29,0,0,0,0,0,3,0,0,0,0,0,266,2,5478,0,0,259,0,0,0,0,0
,,2020-12-30,0,0,0,0,0,3,0,0,0,0,0,266,2,5478,0,0,262,0,0,0,0,0
,,2020-12-31,0,0,0,0,0,0,0,0,0,0,0,266,2,5478,0,0,262,0,0,0,0,0
,,2021-01-01,0,0,0,0,0,0,0,0,0,0,6000,266,2,5478,0,0,262,0,0,0,0,6000
,,2021-01-02,0,0,0,0,0,0,0,0,0,0,0,266,2,5478,0,0,262,0,0,0,0,6000
,,2021-01-03,0,0,0,0,0,2,0,0,0,0,0,266,2,5478,0,0,264,0,0,0,0,6000
,,2021-01-04,0,0,0,0,0,0,0,0,0,0,0,266,2,5478,0,0,264,0,0,0,0,6000
,,2021-01-05,0,0,260,0,0,0,0,0,0,0,0,266,2,5738,0,0,264,0,0,0,0,6000
,,2021-01-06,0,0,0,0,0,0,29,0,0,0,0,266,2,5738,0,0,264,29,0,0,0,6000
,,2021-01-07,0,0,109,0,0,0,0,0,0,0,0,266,2,5847,0,0,264,29,0,0,0,6000
,,2021-01-08,0,0,0,0,0,0,0,0,0,0,0,266,2,5847,0,0,264,29,0,0,0,6000
,,2021-01-09,0,0,0,0,0,0,0,0,0,0,0,266,2,5847,0,0,264,29,0,0,0,6000
,,2021-01-10,0,0,0,0,0,0,0,0,0,0,0,266,2,5847,0,0,264,29,0,0,0,6000
,,2021-01-11,0,0,0,0,0,0,0,0,0,0,0,266,2,5847,0,0,264,29,0,0,0,6000
,,2021-01-12,0,0,78,0,0,0,0,0,0,0,0,266,2,5925,0,0,264,29,0,0,0,6000
,,2021-01-13,0,0,0,0,0,0,371,0,0,0,0,266,2,5925,0,0,264,400,0,0,0,6000
,,2021-01-14,0,0,74,0,0,0,121,0,0,0,0,266,2,5999,0,0,264,521,0,0,0,6000
,,2021-01-15,0,0,0,0,0,0,462,0,0,0,0,266,2,5999,0,0,264,983,0,0,0,6000
,,2021-01-16,0,0,0,0,0,0,0,0,0,0,0,266,2,5999,0,0,264,983,0,0,0,6000
,,2021-01-17,0,0,0,0,0,0,0,0,0,0,0,266,2,5999,0,0,264,983,0,0,0,6000
,,2021-01-18,0,0,0,0,0,1,1158,0,0,0,0,266,2,5999,0,0,265,2141,0,0,0,6000
,,2021-01-19,0,0,0,0,0,-1,404,0,0,0,0,266,2,5999,0,0,264,2545,0,0,0,6000
,,2021-01-20,0,0,0,0,0,0,0,0,0,0,0,266,2,5999,0,0,264,2545,0,0,0,6000
,,2021-01-21,0,0,146,0,0,0,830,0,0,0,0,266,2,6145,0,0,264,3375,0,0,0,6000
,,2021-01-22,1,0,45,0,0,0,447,0,0,0,6000,267,2,6190,0,0,264,3822,0,0,0,12000
,,2021-01-23,0,0,0,0,0,0,0,0,0,0,0,267,2,6190,0,0,264,3822,0,0,0,12000
,,2021-01-24,13,0,72,0,0,-1,0,0,0,0,0,280,2,6262,0,0,263,3822,0,0,0,12000
,,2021-01-25,2,0,44,0,0,0,636,0,0,0,0,282,2,6306,0,0,263,4458,0,0,0,12000
,,2021-01-26,0,0,18,0,0,0,265,0,0,0,0,282,2,6324,0,0,263,4723,0,0,0,12000
,,2021-01-27,0,0,0,0,0,0,207,0,0,0,0,282,2,6324,0,0,263,4930,0,0,0,12000
,,2021-01-28,1,0,38,0,0,0,294,0,0,0,0,283,2,6362,0,0,263,5224,0,0,0,12000
,,2021-01-29,0,0,16,0,0,0,92,0,0,0,0,283,2,6378,0,0,263,5316,0,0,0,12000
,,2021-01-30,1,0,54,0,0,0,0,0,0,0,0,284,2,6432,0,0,263,5316,0,0,0,12000
,,2021-01-31,10,0,18,0,0,2,0,0,0,0,0,294,2,6450,0,0,265,5316,0,0,0,12000
,,2021-02-01,0,0,18,0,0,0,148,0,0,0,0,294,2,6468,0,0,265,5464,0,0,0,12000
,,2021-02-02,0,0,24,0,0,15,42,0,0,0,0,294,2,6492,0,0,280,5506,0,0,0,12000
,,2021-02-03,0,0,0,0,0,1,13,0,0,0,0,294,2,6492,0,0,281,5519,0,0,0,12000
,,2021-02-04,2,0,28,0,0,0,49,0,0,0,0,296,2,6520,0,0,281,5568,0,0,0,12000
,,2021-02-05,0,0,18,0,0,-1,81,0,0,0,0,296,2,6538,0,0,280,5649,0,0,0,12000
,,2021-02-06,3,0,11,0,0,2,0,0,0,0,0,299,2,6549,0,0,282,5649,0,0,0,12000
,,2021-02-07,0,0,0,0,0,0,0,0,0,0,0,299,2,6549,0,0,282,5649,0,0,0,12000
,,2021-02-08,0,0,6,0,0,10,491,288,0,0,0,299,2,6555,0,0,292,6140,288,0,0,12000
,,2021-02-09,0,0,12,0,0,0,87,0,0,0,0,299,2,6567,0,0,292,6227,288,0,0,12000
,,2021-02-10,1,0,13,0,0,0,187,0,0,0,0,300,2,6580,0,0,292,6414,288,0,0,12000
,,2021-02-11,3,0,34,0,0,0,59,0,0,0,3400,303,2,6614,0,0,292,6473,288,0,0,15400
,,2021-02-12,0,0,13,0,0,0,32,12,0,0,0,303,2,6627,0,0,292,6505,300,0,0,15400
,,2021-02-13,5,0,24,0,0,5,1834,1834,0,0,0,308,2,6651,0,0,297,8339,2134,0,0,15400
,,2021-02-14,0,0,0,0,0,0,0,0,0,0,0,308,2,6651,0,0,297,8339,2134,0,0,15400
,,2021-02-15,10,0,38,0,0,1,295,0,0,0,0,318,2,6689,0,0,298,8634,2134,0,0,15400
,,2021-02-16,5,0,0,0,0,0,145,0,0,0,0,323,2,6689,0,0,298,8779,2134,0,0,15400
,,2021-02-17,1,0,0,0,0,3,159,0,0,0,0,324,2,6689,0,0,301,8938,2134,0,0,15400
,,2021-02-18,6,0,0,0,0,0,46,0,0,0,0,330,2,6689,0,0,301,8984,2134,0,0,15400
,,2021-02-19,2,0,0,0,0,0,65,0,0,0,0,332,2,6689,0,0,301,9049,2134,0,0,15400
,,2021-02-20,0,0,0,0,0,0,0,0,0,0,0,332,2,6689,0,0,301,9049,2134,0,0,15400
,,2021-02-21,7,0,0,0,0,8,1973,1973,0,0,0,339,2,6689,0,0,309,11022,4107,0,0,15400
,,2021-02-22,12,0,71,0,0,7,62,0,0,0,0,351,2,6760,0,0,316,11084,4107,0,0,15400
,,2021-02-23,0,0,0,0,0,1,34,0,0,0,0,351,2,6760,0,0,317,11118,4107,0,0,15400
,,2021-02-24,0,0,0,0,0,6,62,0,0,0,0,351,2,6760,0,0,323,11180,4107,0,0,15400
,,2021-02-25,4,0,0,0,0,5,184,0,0,0,0,355,2,6760,0,0,328,11364,4107,0,0,15400
,,2021-02-26,1,0,0,0,0,0,19,0,0,0,8500,356,2,6760,0,0,328,11383,4107,0,0,23900
,,2021-02-27,0,0,0,0,0,0,0,0,0,0,0,356,2,6760,0,0,328,11383,4107,0,0,23900
,,2021-02-28,0,0,0,0,0,0,0,0,0,0,0,356,2,6760,0,0,328,11383,4107,0,0,23900
,,2021-03-01,2,0,88,0,0,20,0,0,0,0,0,358,2,6848,0,0,348,11383,4107,0,0,23900
,,2021-03-02,1,0,0,0,0,0,793,3,0,0,0,359,2,6848,0,0,348,12176,4110,0,0,23900
,,2021-03-03,0,0,0,0,0,1,1217,1004,0,0,0,359,2,6848,0,0,349,13393,5114,0,0,23900
,,2021-03-04,10,0,0,0,0,4,360,11,0,0,0,369,2,6848,0,0,353,13753,5125,0,0,23900
,,2021-03-05,4,0,0,0,0,1,158,19,0,0,0,373,2,6848,0,0,354,13911,5144,0,0,23900
,,2021-03-06,4,0,0,0,0,0,0,0,0,0,0,377,2,6848,0,0,354,13911,5144,0,0,23900
,,2021-03-07,0,0,0,0,0,0,0,0,0,0,2500,377,2,6848,0,0,354,13911,5144,0,0,26400
,,2021-03-08,4,0,0,0,0,2,753,318,0,0,0,381,2,6848,0,0,356,14664,5462,0,0,26400
,,2021-03-09,0,0,2432,0,0,0,279,55,0,0,0,381,2,9280,0,0,356,14943,5517,0,0,26400
,,2021-03-10,0,0,16,0,0,1,476,161,0,0,0,381,2,9296,0,0,357,15419,5678,0,0,26400
,,2021-03-11,0,0,32,0,0,2,343,51,0,0,0,381,2,9328,0,0,359,15762,5729,0,0,26400
,,2021-03-12,0,0,38,0,0,8,127,21,0,0,0,381,2,9366,0,0,367,15889,5750,0,0,26400
,,2021-03-13,0,0,0,0,0,0,0,0,0,0,0,381,2,9366,0,0,367,15889,5750,0,0,26400
,,2021-03-14,0,0,0,0,0,0,0,0,0,0,0,381,2,9366,0,0,367,15889,5750,0,0,26400
,,2021-03-15,2,0,100,0,0,12,429,289,0,0,0,383,2,9466,0,0,379,16318,6039,0,0,26400
,,2021-03-16,0,0,2,0,0,0,555,40,0,0,0,383,2,9468,0,0,379,16873,6079,0,0,26400
,,2021-03-17,0,0,28,0,0,0,569,151,0,0,0,383,2,9496,0,0,379,17442,6230,0,0,26400
,,2021-03-18,12,2,52,0,0,10,369,143,0,0,11100,395,4,9548,0,0,389,17811,6373,0,0,37500
,,2021-03-19,0,0,0,0,0,0,186,40,0,0,0,395,4,9548,0,0,389,17997,6413,0,0,37500
,,2021-03-20,0,0,0,0,0,0,0,0,0,0,0,395,4,9548,0,0,389,17997,6413,0,0,37500
,,2021-03-21,0,0,0,0,0,0,0,0,0,0,0,395,4,9548,0,0,389,17997,6413,0,0,37500
,,2021-03-22,0,0,149,0,0,0,330,53,0,0,0,395,4,9697,0,0,389,18327,6466,0,0,37500
,,2021-03-23,0,0,5,0,0,2,392,111,0,0,0,395,4,9702,0,0,391,18719,6577,0,0,37500
,,2021-03-24,0,0,16,0,0,0,394,102,0,0,0,395,4,9718,0,0,391,19113,6679,0,0,37500
,,2021-03-25,0,0,8,0,0,0,381,94,0,0,0,395,4,9726,0,0,391,19494,6773,0,0,37500
,,2021-03-26,0,0,59,0,0,0,175,12,0,0,0,395,4,9785,0,0,391,19669,6785,0,0,37500
,,2021-03-27,0,0,0,0,0,0,0,0,0,0,0,395,4,9785,0,0,391,19669,6785,0,0,37500
,,2021-03-28,0,0,0,0,0,0,0,0,0,0,0,395,4,9785,0,0,391,19669,6785,0,0,37500
,,2021-03-29,0,0,40,0,0,0,332,73,0,0,0,395,4,9825,0,0,391,20001,6858,0,0,37500
,,2021-03-30,0,0,2,0,0,0,568,541,0,0,0,395,4,9827,0,0,391,20569,7399,0,0,37500
,,2021-03-31,0,0,21,0,0,0,246,193,0,0,0,395,4,9848,0,0,391,20815,7592,0,0,37500
,,2021-04-01,0,0,16,0,0,0,197,148,0,0,0,395,4,9864,0,0,391,21012,7740,0,0,37500
,,2021-04-02,0,0,0,0,0,0,0,0,0,0,0,395,4,9864,0,0,391,21012,7740,0,0,37500
,,2021-04-03,0,0,0,0,0,0,0,0,0,0,0,395,4,9864,0,0,391,21012,7740,0,0,37500
,,2021-04-04,0,0,0,0,0,0,0,0,0,0,0,395,4,9864,0,0,391,21012,7740,0,0,37500
,,2021-04-05,0,0,0,0,0,0,0,0,0,0,0,395,4,9864,0,0,391,21012,7740,0,0,37500
,,2021-04-06,0,0,82,0,0,0,751,597,0,0,0,395,4,9946,0,0,391,21763,8337,0,0,37500
,,2021-04-07,0,0,7,0,0,0,535,481,0,0,0,395,4,9953,0,0,391,22298,8818,0,0,37500
,,2021-04-08,0,0,4,0,0,0,320,266,0,0,0,395,4,9957,0,0,391,22618,9084,0,0,37500
,,2021-04-09,0,0,49,0,0,0,247,163,0,0,0,395,4,10006,0,0,391,22865,9247,0,0,37500
,,2021-04-10,0,0,0,0,0,0,0,0,0,0,0,395,4,10006,0,0,391,22865,9247,0,0,37500
,,2021-04-11,0,0,0,0,0,0,0,0,0,0,0,395,4,10006,0,0,391,22865,9247,0,0,37500
,,2021-04-12,0,0,42,0,0,0,331,217,0,0,0,395,4,10048,0,0,391,23196,9464,0,0,37500
,,2021-04-13,0,0,9,0,0,0,373,314,0,0,0,395,4,10057,0,0,391,23569,9778,0,0,37500
,,2021-04-14,0,0,17,0,0,0,323,237,0,0,0,395,4,10074,0,0,391,23892,10015,0,0,37500
,,2021-04-15,1,0,16,0,0,0,173,113,0,0,4300,396,4,10090,0,0,391,24065,10128,0,0,41800
,,2021-04-16,12,0,73,0,0,0,404,306,0,0,0,408,4,10163,0,0,391,24469,10434,0,0,41800
,,2021-04-17,0,0,0,0,0,0,0,0,0,0,0,408,4,10163,0,0,391,24469,10434,0,0,41800
,,2021-04-18,0,0,0,0,0,0,0,0,0,0,0,408,4,10163,0,0,391,24469,10434,0,0,41800
,,2021-04-19,15,0,259,0,0,0,719,499,0,0,0,423,4,10422,0,0,391,25188,10933,0,0,41800
,,2021-04-20,5,0,127,0,0,0,487,349,0,0,0,428,4,10549,0,0,391,25675,11282,0,0,41800
,,2021-04-21,1,0,132,0,0,1,489,323,0,0,0,429,4,10681,0,0,392,26164,11605,0,0,41800
,,2021-04-22,3,0,155,0,0,0,408,225,0,0,0,432,4,10836,0,0,392,26572,11830,0,0,41800
,,2021-04-23,9,0,123,0,0,8,283,110,0,0,0,441,4,10959,0,0,400,26855,11940,0,0,41800
,,2021-04-24,0,0,0,0,0,0,0,0,0,0,0,441,4,10959,0,0,400,26855,11940,0,0,41800
,,2021-04-25,0,0,0,0,0,0,0,0,0,0,0,441,4,10959,0,0,400,26855,11940,0,0,41800
,,2021-04-26,23,0,525,0,0,13,489,241,0,0,0,464,4,11484,0,0,413,27344,12181,0,0,41800
,,2021-04-27,8,0,145,0,0,6,220,61,0,0,0,472,4,11629,0,0,419,27564,12242,0,0,41800
,,2021-04-28,6,0,118,0,0,5,249,43,0,0,0,478,4,11747,0,0,424,27813,12285,0,0,41800
,,2021-04-29,12,0,154,0,0,1,249,43,0,0,0,490,4,11901,0,0,425,28062,12328,0,0,41800
,,2021-04-30,11,0,178,0,0,5,189,67,0,0,0,501,4,12079,0,0,430,28251,12395,0,0,41800
,,2021-05-01,0,0,0,0,0,0,0,0,0,0,0,501,4,12079,0,0,430,28251,12395,0,0,41800
,,2021-05-02,0,0,0,0,0,0,0,0,0,0,0,501,4,12079,0,0,430,28251,12395,0,0,41800
,,2021-05-03,27,0,422,0,0,9,333,134,0,0,0,528,4,12501,0,0,439,28584,12529,0,0,41800
,,2021-05-04,7,0,166,0,0,7,128,39,0,0,2300,535,4,12667,0,0,446,28712,12568,0,0,44100
,,2021-05-05,5,0,93,0,0,8,125,53,0,0,0,540,4,12760,0,0,454,28837,12621,0,0,44100
,,2021-05-06,12,0,250,0,0,8,126,71,0,0,0,552,4,13010,0,0,462,28963,12692,0,0,44100
,,2021-05-07,1,0,188,0,0,10,133,76,0,0,0,553,4,13198,0,0,472,29096,12768,0,0,44100
,,2021-05-08,0,0,0,0,0,0,0,0,0,0,0,553,4,13198,0,0,472,29096,12768,0,0,44100
,,2021-05-09,0,0,0,0,0,0,0,0,0,0,0,553,4,13198,0,0,472,29096,12768,0,0,44100
,,2021-05-10,19,0,296,0,0,26,201,110,0,0,0,572,4,13494,0,0,498,29297,12878,0,0,44100
,,2021-05-11,14,0,0,0,0,9,105,53,0,0,1000,586,4,13494,0,0,507,29402,12931,0,0,45100
,,2021-05-12,8,0,276,0,0,14,0,0,0,0,0,594,4,13770,0,0,521,29402,12931,0,0,45100
,,2021-05-13,12,0,194,0,0,7,0,0,0,0,0,606,4,13964,0,0,528,29402,12931,0,0,45100
,,2021-05-14,12,0,146,0,0,8,0,0,0,0,0,618,4,14110,0,0,536,29402,12931,0,0,45100
,,2021-05-15,0,0,0,0,0,0,247,149,0,0,0,618,4,14110,0,0,536,29649,13080,0,0,45100
,,2021-05-16,0,0,0,0,0,0,0,0,0,0,0,618,4,14110,0,0,536,29649,13080,0,0,45100
,,2021-05-17,0,0,0,0,0,3,368,224,0,0,0,618,4,14110,0,0,539,30017,13304,0,0,45100
,,2021-05-18,12,0,489,0,0,23,154,114,0,0,0,630,4,14599,0,0,562,30171,13418,0,0,45100
,,2021-05-19,4,0,126,0,0,5,143,102,0,0,0,634,4,14725,0,0,567,30314,13520,0,0,45100
,,2021-05-20,2,0,95,0,0,10,282,217,0,0,0,636,4,14820,0,0,577,30596,13737,0,0,45100
,,2021-05-21,1,0,161,0,0,11,228,169,0,0,0,637,4,14981,0,0,588,30824,13906,0,0,45100
,,2021-05-22,0,0,0,0,0,0,0,0,0,0,0,637,4,14981,0,0,588,30824,13906,0,0,45100
,,2021-05-23,0,0,0,0,0,0,0,0,0,0,0,637,4,14981,0,0,588,30824,13906,0,0,45100
,,2021-05-24,0,0,0,0,0,0,0,0,0,0,0,637,4,14981,0,0,588,30824,13906,0,0,45100
,,2021-05-25,3,0,298,0,0,0,448,314,0,0,0,640,4,15279,0,0,588,31272,14220,0,0,45100
,,2021-05-26,7,0,157,0,0,33,210,185,0,0,0,647,4,15436,0,0,621,31482,14405,0,0,45100
,,2021-05-27,0,0,157,0,0,0,233,206,0,0,0,647,4,15593,0,0,621,31715,14611,0,0,45100
,,2021-05-28,1,0,137,0,0,8,212,172,0,0,0,648,4,15730,0,0,629,31927,14783,0,0,45100
,,2021-05-29,0,0,0,0,0,0,0,0,0,0,0,648,4,15730,0,0,629,31927,14783,0,0,45100
,,2021-05-30,0,0,0,0,0,0,0,0,0,0,0,648,4,15730,0,0,629,31927,14783,0,0,45100
,,2021-05-31,0,0,216,0,0,6,260,164,0,0,0,648,4,15946,0,0,635,32187,14947,0,0,45100
,,2021-06-01,0,0,140,0,0,0,162,101,0,0,6000,648,4,16086,0,0,635,32349,15048,0,0,51100
,,2021-06-02,0,0,80,0,0,0,76,65,0,0,0,648,4,16166,0,0,635,32425,15113,0,0,51100
,,2021-06-03,0,0,0,0,0,0,84,54,0,0,0,648,4,16166,0,0,635,32509,15167,0,0,51100
,,2021-06-04,1,0,169,0,0,0,166,101,0,0,0,649,4,16335,0,0,635,32675,15268,0,0,51100
,,2021-06-05,0,0,0,0,0,0,0,0,0,0,0,649,4,16335,0,0,635,32675,15268,0,0,51100
,,2021-06-06,0,0,0,0,0,0,0,0,0,0,0,649,4,16335,0,0,635,32675,15268,0,0,51100
,,2021-06-07,0,0,132,0,0,9,0,0,0,0,0,649,4,16467,0,0,644,32675,15268,0,0,51100
,,2021-06-08,0,0,74,0,0,0,530,251,0,0,0,649,4,16541,0,0,644,33205,15519,0,0,51100
,,2021-06-09,0,0,0,0,0,0,106,55,0,0,0,649,4,16541,0,0,644,33311,15574,0,0,51100
,,2021-06-10,1,0,59,0,0,0,119,59,0,0,0,650,4,16600,0,0,644,33430,15633,0,0,51100
,,2021-06-11,4,0,71,0,0,0,162,74,0,0,9260,654,4,16671,0,0,644,33592,15707,0,0,60360
,,2021-06-12,0,0,0,0,0,0,0,0,0,0,0,654,4,16671,0,0,644,33592,15707,0,0,60360
,,2021-06-13,0,0,0,0,0,0,0,0,0,0,0,654,4,16671,0,0,644,33592,15707,0,0,60360
,,2021-06-14,3,0,392,0,0,0,225,0,0,0,0,657,4,17063,0,0,644,33817,15707,0,0,60360
,,2021-06-15,0,0,164,0,0,1,141,160,0,0,0,657,4,17227,0,0,645,33958,15867,0,0,60360
,,2021-06-16,0,0,88,0,0,0,0,0,0,0,0,657,4,17315,0,0,645,33958,15867,0,0,60360
,,2021-06-17,0,0,0,0,0,0,0,0,0,0,0,657,4,17315,0,0,645,33958,15867,0,0,60360
,,2021-06-18,0,0,0,0,0,0,0,0,0,0,0,657,4,17315,0,0,645,33958,15867,0,0,60360
,,2021-06-19,0,0,0,0,0,0,0,0,0,0,0,657,4,17315,0,0,645,33958,15867,0,0,60360
,,2021-06-20,0,0,0,0,0,0,0,0,0,0,0,657,4,17315,0,0,645,33958,15867,0,0,60360
,,2021-06-21,0,0,314,0,0,0,1655,-113,0,0,0,657,4,17629,0,0,645,35613,15754,0,0,60360
,,2021-06-22,0,0,84,0,0,0,374,107,0,0,0,657,4,17713,0,0,645,35987,15861,0,0,60360
,,2021-06-23,0,0,0,0,0,8,234,42,0,0,0,657,4,17713,0,0,653,36221,15903,0,0,60360
,,2021-06-24,0,0,113,0,0,0,314,30,0,0,0,657,4,17826,0,0,653,36535,15933,0,0,60360
,,2021-06-25,0,0,32,0,0,0,256,93,0,0,0,657,4,17858,0,0,653,36791,16026,0,0,60360
,,2021-06-26,0,0,0,0,0,0,0,0,0,0,0,657,4,17858,0,0,653,36791,16026,0,0,60360
,,2021-06-27,0,0,0,0,0,0,0,0,0,0,0,657,4,17858,0,0,653,36791,16026,0,0,60360
,,2021-06-28,0,0,177,0,0,0,358,90,0,0,0,657,4,18035,0,0,653,37149,16116,0,0,60360
,,2021-06-29,0,0,114,0,0,0,255,123,0,0,0,657,4,18149,0,0,653,37404,16239,0,0,60360
,,2021-06-30,0,0,44,0,0,0,135,45,0,0,0,657,4,18193,0,0,653,37539,16284,0,0,60360
,,2021-07-01,0,0,0,0,0,0,0,0,0,0,0,657,4,18193,0,0,653,37539,16284,0,0,60360
,,2021-07-02,0,0,61,0,0,0,234,95,0,0,0,657,4,18254,0,0,653,37773,16379,0,0,60360
,,2021-07-03,0,0,0,0,0,0,0,0,0,0,0,657,4,18254,0,0,653,37773,16379,0,0,60360
,,2021-07-04,0,0,0,0,0,0,0,0,0,0,0,657,4,18254,0,0,653,37773,16379,0,0,60360
,,2021-07-05,0,0,63,0,0,0,193,104,0,0,0,657,4,18317,0,0,653,37966,16483,0,0,60360
,,2021-07-06,0,0,34,0,0,0,132,71,0,0,0,657,4,18351,0,0,653,38098,16554,0,0,60360
,,2021-07-07,0,0,20,0,0,0,263,118,0,0,0,657,4,18371,0,0,653,38361,16672,0,0,60360
,,2021-07-08,0,0,35,0,0,0,307,230,0,0,0,657,4,18406,0,0,653,38668,16902,0,0,60360
,,2021-07-09,0,0,0,0,0,0,0,0,0,0,0,657,4,18406,0,0,653,38668,16902,0,0,60360
,,2021-07-10,0,0,0,0,0,0,0,0,0,0,0,657,4,18406,0,0,653,38668,16902,0,0,60360
,,2021-07-11,0,0,0,0,0,0,0,0,0,0,0,657,4,18406,0,0,653,38668,16902,0,0,60360
,,2021-07-12,0,0,74,0,0,0,576,368,0,0,0,657,4,18480,0,0,653,39244,17270,0,0,60360
,,2021-07-13,0,0,74,0,0,0,217,165,0,0,0,657,4,18554,0,0,653,39461,17435,0,0,60360
,,2021-07-14,0,0,12,0,0,0,291,207,0,0,0,657,4,18566,0,0,653,39752,17642,0,0,60360
,,2021-07-15,0,0,13,0,0,0,493,419,0,0,0,657,4,18579,0,0,653,40245,18061,0,0,60360
,,2021-07-16,0,0,19,0,0,0,509,394,0,0,0,657,4,18598,0,0,653,40754,18455,0,0,60360
,,2021-07-17,0,0,0,0,0,0,0,0,0,0,0,657,4,18598,0,0,653,40754,18455,0,0,60360
,,2021-07-18,0,0,0,0,0,0,0,0,0,0,0,657,4,18598,0,0,653,40754,18455,0,0,60360
,,2021-07-19,0,0,434,0,0,0,496,313,0,0,0,657,4,19032,0,0,653,41250,18768,0,0,60360
,,2021-07-20,0,0,-370,0,0,0,61,48,0,0,0,657,4,18662,0,0,653,41311,18816,0,0,60360
,,2021-07-21,0,0,0,0,0,0,0,0,0,0,0,657,4,18662,0,0,653,41311,18816,0,0,60360
,,2021-07-22,0,0,0,0,0,0,0,0,0,0,0,657,4,18662,0,0,653,41311,18816,0,0,60360
,,2021-07-23,0,0,0,0,0,0,0,0,0,0,0,657,4,18662,0,0,653,41311,18816,0,0,60360
,,2021-07-24,0,0,0,0,0,0,0,0,0,0,0,657,4,18662,0,0,653,41311,18816,0,0,60360
,,2021-07-25,0,0,0,0,0,0,0,0,0,0,0,657,4,18662,0,0,653,41311,18816,0,0,60360
,,2021-07-26,0,0,78,0,0,0,721,497,0,0,0,657,4,18740,0,0,653,42032,19313,0,0,60360
,,2021-07-27,0,0,0,0,0,0,0,0,0,0,0,657,4,18740,0,0,653,42032,19313,0,0,60360
,,2021-07-28,0,0,0,0,0,0,0,0,0,0,0,657,4,18740,0,0,653,42032,19313,0,0,60360
,,2021-07-29,0,0,0,0,0,0,0,0,0,0,0,657,4,18740,0,0,653,42032,19313,0,0,60360
,,2021-07-30,0,0,0,0,0,0,0,0,0,0,0,657,4,18740,0,0,653,42032,19313,0,0,60360
,,2021-07-31,0,0,0,0,0,0,0,0,0,0,0,657,4,18740,0,0,653,42032,19313,0,0,60360
,,2021-08-01,0,0,0,0,0,0,0,0,0,0,0,657,4,18740,0,0,653,42032,19313,0,0,60360
,,2021-08-02,0,0,0,0,0,0,0,0,0,0,0,657,4,18740,0,0,653,42032,19313,0,0,60360
,,2021-08-03,0,0,120,0,0,0,683,481,0,0,0,657,4,18860,0,0,653,42715,19794,0,0,60360
,,2021-08-04,0,0,0,0,0,0,0,0,0,0,0,657,4,18860,0,0,653,42715,19794,0,0,60360
,,2021-08-05,0,0,0,0,0,0,0,0,0,0,0,657,4,18860,0,0,653,42715,19794,0,0,60360
,,2021-08-06,0,0,0,0,0,0,0,0,0,0,0,657,4,18860,0,0,653,42715,19794,0,0,60360
,,2021-08-07,0,0,0,0,0,0,0,0,0,0,0,657,4,18860,0,0,653,42715,19794,0,0,60360
,,2021-08-08,0,0,0,0,0,0,0,0,0,0,0,657,4,18860,0,0,653,42715,19794,0,0,60360
,,2021-08-09,0,0,0,0,0,0,0,0,0,0,0,657,4,18860,0,0,653,42715,19794,0,0,60360
,,2021-08-10,0,0,0,0,0,0,0,0,0,0,0,657,4,18860,0,0,653,42715,19794,0,0,60360
,,2021-08-11,0,0,0,0,0,0,443,287,0,0,0,657,4,18860,0,0,653,43158,20081,0,0,60360
,,2021-08-12,0,0,0,0,0,0,0,0,0,0,0,657,4,18860,0,0,653,43158,20081,0,0,60360
,,2021-08-13,0,0,0,0,0,0,0,0,0,0,0,657,4,18860,0,0,653,43158,20081,0,0,60360
,,2021-08-14,0,0,0,0,0,0,0,0,0,0,0,657,4,18860,0,0,653,43158,20081,0,0,60360
,,2021-08-15,0,0,0,0,0,0,0,0,0,0,0,657,4,18860,0,0,653,43158,20081,0,0,60360
,,2021-08-16,0,0,0,0,0,0,0,0,0,0,0,657,4,18860,0,0,653,43158,20081,0,0,60360
,,2021-08-17,0,0,0,0,0,0,470,288,0,0,0,657,4,18860,0,0,653,43628,20369,0,0,60360
,,2021-08-18,0,0,0,0,0,0,0,0,0,0,0,657,4,18860,0,0,653,43628,20369,0,0,60360
,,2021-08-19,0,0,0,0,0,0,0,0,0,0,0,657,4,18860,0,0,653,43628,20369,0,0,60360
,,2021-08-20,0,0,0,0,0,0,0,0,0,0,0,657,4,18860,0,0,653,43628,20369,0,0,60360
,,2021-08-21,0,0,0,0,0,0,0,0,0,0,0,657,4,18860,0,0,653,43628,20369,0,0,60360
,,2021-08-22,0,0,0,0,0,0,0,0,0,0,0,657,4,18860,0,0,653,43628,20369,0,0,60360
,,2021-08-23,0,0,0,0,0,0,0,0,0,0,0,657,4,18860,0,0,653,43628,20369,0,0,60360
,,2021-08-24,0,0,0,0,0,0,494,269,0,0,0,657,4,18860,0,0,653,44122,20638,0,0,60360
,,2021-08-25,0,0,0,0,0,0,0,0,0,0,0,657,4,18860,0,0,653,44122,20638,0,0,60360
,,2021-08-26,0,0,0,0,0,0,0,0,0,0,0,657,4,18860,0,0,653,44122,20638,0,0,60360
,,2021-08-27,0,0,0,0,0,0,0,0,0,0,0,657,4,18860,0,0,653,44122,20638,0,0,60360
,,2021-08-28,0,0,0,0,0,0,0,0,0,0,0,657,4,18860,0,0,653,44122,20638,0,0,60360
,,2021-08-29,0,0,0,0,0,0,0,0,0,0,0,657,4,18860,0,0,653,44122,20638,0,0,60360
,,2021-08-30,0,0,0,0,0,0,0,0,0,0,0,657,4,18860,0,0,653,44122,20638,0,0,60360
,,2021-08-31,0,0,0,0,0,0,0,0,0,0,0,657,4,18860,0,0,653,44122,20638,0,0,60360
,,2021-09-01,0,0,0,0,0,0,0,0,0,0,0,657,4,18860,0,0,653,44122,20638,0,0,60360
,,2021-09-02,0,0,0,0,0,0,0,0,0,0,0,657,4,18860,0,0,653,44122,20638,0,0,60360
,,2021-09-03,0,0,0,0,0,0,0,0,0,0,1170,657,4,18860,0,0,653,44122,20638,0,0,61530
,,2021-09-04,1,0,11532,0,0,0,442,249,0,0,0,658,4,30392,0,0,653,44564,20887,0,0,61530
,,2021-09-05,0,0,0,0,0,0,0,0,0,0,0,658,4,30392,0,0,653,44564,20887,0,0,61530
,,2021-09-06,0,0,0,0,0,0,0,0,0,0,0,658,4,30392,0,0,653,44564,20887,0,0,61530
,,2021-09-07,0,0,56,0,0,0,359,187,0,0,0,658,4,30448,0,0,653,44923,21074,0,0,61530
,,2021-09-08,0,0,0,0,0,0,0,0,0,0,0,658,4,30448,0,0,653,44923,21074,0,0,61530
,,2021-09-09,0,0,0,0,0,0,0,0,0,0,0,658,4,30448,0,0,653,44923,21074,0,0,61530
,,2021-09-10,0,0,0,0,0,0,0,0,0,0,0,658,4,30448,0,0,653,44923,21074,0,0,61530
,,2021-09-11,0,0,0,0,0,0,0,0,0,0,0,658,4,30448,0,0,653,44923,21074,0,0,61530
,,2021-09-12,0,0,0,0,0,0,0,0,0,0,0,658,4,30448,0,0,653,44923,21074,0,0,61530
,,2021-09-13,1,0,684,0,0,1,0,0,0,0,0,659,4,31132,0,0,654,44923,21074,0,0,61530
,,2021-09-14,0,0,460,0,0,0,424,142,0,0,0,659,4,31592,0,0,654,45347,21216,0,0,61530
,,2021-09-15,0,0,0,0,0,0,0,0,0,0,0,659,4,31592,0,0,654,45347,21216,0,0,61530
,,2021-09-16,0,0,0,0,0,0,0,0,0,0,0,659,4,31592,0,0,654,45347,21216,0,0,61530
,,2021-09-17,0,0,0,0,0,0,0,0,0,0,0,659,4,31592,0,0,654,45347,21216,0,0,61530
,,2021-09-18,0,0,0,0,0,0,0,0,0,0,0,659,4,31592,0,0,654,45347,21216,0,0,61530
,,2021-09-19,0,0,0,0,0,0,0,0,0,0,0,659,4,31592,0,0,654,45347,21216,0,0,61530
,,2021-09-20,2,0,1046,0,0,0,0,0,0,0,0,661,4,32638,0,0,654,45347,21216,0,0,61530
,,2021-09-21,0,0,0,0,0,0,0,0,0,0,0,661,4,32638,0,0,654,45347,21216,0,0,61530
,,2021-09-22,0,0,0,0,0,0,0,0,0,0,0,661,4,32638,0,0,654,45347,21216,0,0,61530
,,2021-09-23,0,0,0,0,0,0,0,0,0,0,0,661,4,32638,0,0,654,45347,21216,0,0,61530
,,2021-09-24,0,0,0,0,0,0,0,0,0,0,0,661,4,32638,0,0,654,45347,21216,0,0,61530
,,2021-09-25,0,0,0,0,0,0,0,0,0,0,0,661,4,32638,0,0,654,45347,21216,0,0,61530
,,2021-09-26,0,0,0,0,0,0,0,0,0,0,0,661,4,32638,0,0,654,45347,21216,0,0,61530
,,2021-09-27,2,0,-11930,0,0,2,1083,467,0,0,0,663,4,20708,0,0,656,46430,21683,0,0,61530
,,2021-09-28,0,0,0,0,0,0,0,0,0,0,0,663,4,20708,0,0,656,46430,21683,0,0,61530
,,2021-09-29,0,0,0,0,0,0,0,0,0,0,0,663,4,20708,0,0,656,46430,21683,0,0,61530
,,2021-09-30,0,0,0,0,0,0,0,0,0,0,0,663,4,20708,0,0,656,46430,21683,0,0,61530
,,2021-10-01,0,0,0,0,0,0,0,0,0,0,0,663,4,20708,0,0,656,46430,21683,0,0,61530
,,2021-10-02,0,0,0,0,0,0,0,0,0,0,0,663,4,20708,0,0,656,46430,21683,0,0,61530
,,2021-10-03,0,0,0,0,0,0,0,0,0,0,0,663,4,20708,0,0,656,46430,21683,0,0,61530
,,2021-10-04,0,0,0,0,0,0,0,0,0,0,0,663,4,20708,0,0,656,46430,21683,0,0,61530
,,2021-10-05,0,0,0,0,0,0,0,0,0,0,0,663,4,20708,0,0,656,46430,21683,0,0,61530
,,2021-10-06,0,0,0,0,0,0,0,0,0,0,0,663,4,20708,0,0,656,46430,21683,0,0,61530
,,2021-10-07,0,0,0,0,0,0,529,280,0,0,0,663,4,20708,0,0,656,46959,21963,0,0,61530
,,2021-10-08,0,0,0,0,0,0,0,0,0,0,0,663,4,20708,0,0,656,46959,21963,0,0,61530
,,2021-10-09,0,0,0,0,0,0,0,0,0,0,0,663,4,20708,0,0,656,46959,21963,0,0,61530
,,2021-10-10,0,0,0,0,0,0,0,0,0,0,0,663,4,20708,0,0,656,46959,21963,0,0,61530
,,2021-10-11,0,0,0,0,0,0,0,0,0,0,0,663,4,20708,0,0,656,46959,21963,0,0,61530
,,2021-10-12,0,0,0,0,0,0,0,0,0,0,0,663,4,20708,0,0,656,46959,21963,0,0,61530
,,2021-10-13,0,0,0,0,0,0,0,0,0,0,0,663,4,20708,0,0,656,46959,21963,0,0,61530
,,2021-10-14,0,0,0,0,0,0,0,0,0,0,0,663,4,20708,0,0,656,46959,21963,0,0,61530
,,2021-10-15,0,0,0,0,0,0,0,0,0,0,0,663,4,20708,0,0,656,46959,21963,0,0,61530
,,2021-10-16,0,0,0,0,0,0,0,0,0,0,0,663,4,20708,0,0,656,46959,21963,0,0,61530
,,2021-10-17,0,0,0,0,0,0,0,0,0,0,0,663,4,20708,0,0,656,46959,21963,0,0,61530
,,2021-10-18,0,0,0,0,0,0,0,0,0,0,0,663,4,20708,0,0,656,46959,21963,0,0,61530
,,2021-10-19,11,0,787,0,0,7,1189,522,0,0,0,674,4,21495,0,0,663,48148,22485,0,0,61530
,,2021-10-20,0,0,0,0,0,0,0,0,0,0,0,674,4,21495,0,0,663,48148,22485,0,0,61530
,,2021-10-21,0,0,0,0,0,0,0,0,0,0,1680,674,4,21495,0,0,663,48148,22485,0,0,63210
,,2021-10-22,0,0,0,0,0,0,0,0,0,0,0,674,4,21495,0,0,663,48148,22485,0,0,63210
,,2021-10-23,0,0,0,0,0,0,0,0,0,0,0,674,4,21495,0,0,663,48148,22485,0,0,63210
,,2021-10-24,0,0,0,0,0,0,0,0,0,0,0,674,4,21495,0,0,663,48148,22485,0,0,63210
,,2021-10-25,0,0,0,0,0,0,0,0,0,0,0,674,4,21495,0,0,663,48148,22485,0,0,63210
,,2021-10-26,0,0,238,0,0,7,615,267,0,0,0,674,4,21733,0,0,670,48763,22752,0,0,63210
,,2021-10-27,0,0,0,0,0,0,0,0,0,0,0,674,4,21733,0,0,670,48763,22752,0,0,63210
,,2021-10-28,0,0,0,0,0,0,0,0,0,0,0,674,4,21733,0,0,670,48763,22752,0,0,63210
,,2021-10-29,0,0,0,0,0,0,0,0,0,0,0,674,4,21733,0,0,670,48763,22752,0,0,63210
,,2021-10-30,0,0,0,0,0,0,0,0,0,0,0,674,4,21733,0,0,670,48763,22752,0,0,63210
,,2021-10-31,0,0,0,0,0,0,0,0,0,0,0,674,4,21733,0,0,670,48763,22752,0,0,63210
,,2021-11-01,0,0,136,0,0,0,488,252,0,0,0,674,4,21869,0,0,670,49251,23004,0,0,63210
,,2021-11-02,0,0,0,0,0,0,0,0,0,0,0,674,4,21869,0,0,670,49251,23004,0,0,63210
,,2021-11-03,0,0,0,0,0,0,0,0,0,0,0,674,4,21869,0,0,670,49251,23004,0,0,63210
,,2021-11-04,0,0,110,0,0,0,0,0,0,0,0,674,4,21979,0,0,670,49251,23004,0,0,63210
,,2021-11-05,0,0,0,0,0,0,0,0,0,0,0,674,4,21979,0,0,670,49251,23004,0,0,63210
,,2021-11-06,0,0,0,0,0,0,0,0,0,0,0,674,4,21979,0,0,670,49251,23004,0,0,63210
,,2021-11-07,0,0,0,0,0,0,0,0,0,0,0,674,4,21979,0,0,670,49251,23004,0,0,63210
,,2021-11-08,0,0,71,0,0,0,393,224,0,0,0,674,4,22050,0,0,670,49644,23228,0,0,63210
,,2021-11-09,0,0,0,0,0,0,0,0,0,0,0,674,4,22050,0,0,670,49644,23228,0,0,63210
,,2021-11-10,0,0,83,0,0,0,0,0,0,0,0,674,4,22133,0,0,670,49644,23228,0,0,63210
,,2021-11-11,0,0,0,0,0,0,0,0,0,0,0,674,4,22133,0,0,670,49644,23228,0,0,63210
,,2021-11-12,0,0,0,0,0,0,0,0,0,0,0,674,4,22133,0,0,670,49644,23228,0,0,63210
,,2021-11-13,0,0,0,0,0,0,0,0,0,0,0,674,4,22133,0,0,670,49644,23228,0,0,63210
,,2021-11-14,0,0,0,0,0,0,0,0,0,0,0,674,4,22133,0,0,670,49644,23228,0,0,63210
,,2021-11-15,0,0,174,0,0,0,478,245,0,0,7380,674,4,22307,0,0,670,50122,23473,0,0,70590
,,2021-11-16,0,0,30,0,0,0,0,0,0,0,0,674,4,22337,0,0,670,50122,23473,0,0,70590
,,2021-11-17,0,0,32,0,0,0,0,0,0,0,0,674,4,22369,0,0,670,50122,23473,0,0,70590
,,2021-11-18,0,0,0,0,0,0,0,0,0,0,0,674,4,22369,0,0,670,50122,23473,0,0,70590
,,2021-11-19,0,0,0,0,0,0,0,0,0,0,0,674,4,22369,0,0,670,50122,23473,0,0,70590
,,2021-11-20,0,0,0,0,0,0,0,0,0,0,0,674,4,22369,0,0,670,50122,23473,0,0,70590
,,2021-11-21,0,0,0,0,0,0,0,0,0,0,0,674,4,22369,0,0,670,50122,23473,0,0,70590
,,2021-11-22,0,0,170,0,0,0,647,317,0,0,0,674,4,22539,0,0,670,50769,23790,0,0,70590
,,2021-11-23,0,0,0,0,0,0,0,0,0,0,0,674,4,22539,0,0,670,50769,23790,0,0,70590
,,2021-11-24,0,0,0,0,0,0,0,0,0,0,0,674,4,22539,0,0,670,50769,23790,0,0,70590
,,2021-11-25,0,0,0,0,0,0,0,0,0,0,0,674,4,22539,0,0,670,50769,23790,0,0,70590
,,2021-11-26,0,0,0,0,0,0,0,0,0,0,0,674,4,22539,0,0,670,50769,23790,0,0,70590
,,2021-11-27,0,0,0,0,0,0,0,0,0,0,0,674,4,22539,0,0,670,50769,23790,0,0,70590
,,2021-11-28,0,0,0,0,0,0,0,0,0,0,0,674,4,22539,0,0,670,50769,23790,0,0,70590
,,2021-11-29,0,0,162,0,0,0,455,247,0,0,0,674,4,22701,0,0,670,51224,24037,0,0,70590
,,2021-11-30,0,0,46,0,0,0,0,0,0,0,0,674,4,22747,0,0,670,51224,24037,0,0,70590
,,2021-12-01,0,0,21,0,0,0,0,0,0,0,0,674,4,22768,0,0,670,51224,24037,0,0,70590
,,2021-12-02,0,0,19,0,0,0,0,0,0,0,0,674,4,22787,0,0,670,51224,24037,0,0,70590
,,2021-12-03,0,0,0,0,0,0,0,0,0,0,13000,674,4,22787,0,0,670,51224,24037,0,0,83590
,,2021-12-04,0,0,0,0,0,0,0,0,0,0,0,674,4,22787,0,0,670,51224,24037,0,0,83590
,,2021-12-05,0,0,0,0,0,0,0,0,0,0,0,674,4,22787,0,0,670,51224,24037,0,0,83590
,,2021-12-06,1,0,98,0,0,0,1065,161,0,0,0,675,4,22885,0,0,670,52289,24198,0,0,83590
,,2021-12-07,0,0,0,0,0,0,0,0,0,0,0,675,4,22885,0,0,670,52289,24198,0,0,83590
,,2021-12-08,1,0,65,0,0,0,0,0,0,0,0,676,4,22950,0,0,670,52289,24198,0,0,83590
,,2021-12-09,0,0,25,0,0,0,0,0,0,0,0,676,4,22975,0,0,670,52289,24198,0,0,83590
,,2021-12-10,0,0,0,0,0,0,0,0,0,0,0,676,4,22975,0,0,670,52289,24198,0,0,83590
,,2021-12-11,0,0,0,0,0,0,0,0,0,0,0,676,4,22975,0,0,670,52289,24198,0,0,83590
,,2021-12-12,0,0,0,0,0,0,0,0,0,0,0,676,4,22975,0,0,670,52289,24198,0,0,83590
,,2021-12-13,0,0,118,0,0,0,2108,285,0,0,0,676,4,23093,0,0,670,54397,24483,0,0,83590
,,2021-12-14,0,0,15,0,0,1,0,0,0,0,0,676,4,23108,0,0,671,54397,24483,0,0,83590
,,2021-12-15,0,0,29,0,0,0,0,0,0,0,0,676,4,23137,0,0,671,54397,24483,0,0,83590
,,2021-12-16,0,0,50,0,0,0,0,0,0,0,0,676,4,23187,0,0,671,54397,24483,0,0,83590
,,2021-12-17,0,0,0,0,0,0,0,0,0,0,0,676,4,23187,0,0,671,54397,24483,0,0,83590
,,2021-12-18,0,0,0,0,0,0,0,0,0,0,0,676,4,23187,0,0,671,54397,24483,0,0,83590
,,2021-12-19,0,0,0,0,0,0,0,0,0,0,0,676,4,23187,0,0,671,54397,24483,0,0,83590
,,2021-12-20,0,0,19,0,0,0,0,0,0,0,0,676,4,23206,0,0,671,54397,24483,0,0,83590
,,2021-12-21,0,0,129,0,0,1,394,182,0,0,0,676,4,23335,0,0,672,54791,24665,0,0,83590
,,2021-12-22,0,0,8,0,0,0,0,0,0,0,0,676,4,23343,0,0,672,54791,24665,0,0,83590
,,2021-12-23,3,0,43,0,0,0,0,0,0,0,0,679,4,23386,0,0,672,54791,24665,0,0,83590
,,2021-12-24,0,0,0,0,0,0,0,0,0,0,0,679,4,23386,0,0,672,54791,24665,0,0,83590
,,2021-12-25,0,0,0,0,0,0,0,0,0,0,0,679,4,23386,0,0,672,54791,24665,0,0,83590
,,2021-12-26,0,0,0,0,0,0,0,0,0,0,0,679,4,23386,0,0,672,54791,24665,0,0,83590
,,2021-12-27,0,0,0,0,0,0,0,0,0,0,0,679,4,23386,0,0,672,54791,24665,0,0,83590
,,2021-12-28,31,0,969,0,0,0,439,81,0,0,0,710,4,24355,0,0,672,55230,24746,0,0,83590
,,2021-12-29,0,0,0,0,0,0,0,0,0,0,0,710,4,24355,0,0,672,55230,24746,0,0,83590
,,2021-12-30,0,0,0,0,0,0,0,0,0,0,0,710,4,24355,0,0,672,55230,24746,0,0,83590
,,2021-12-31,0,0,0,0,0,0,0,0,0,0,0,710,4,24355,0,0,672,55230,24746,0,0,83590
,,2022-01-01,0,0,0,0,0,0,0,0,0,0,0,710,4,24355,0,0,672,55230,24746,0,0,83590
,,2022-01-02,0,0,0,0,0,0,0,0,0,0,0,710,4,24355,0,0,672,55230,24746,0,0,83590
,,2022-01-03,0,0,0,0,0,0,0,0,0,0,0,710,4,24355,0,0,672,55230,24746,0,0,83590
,,2022-01-04,0,0,0,0,0,0,0,0,0,0,0,710,4,24355,0,0,672,55230,24746,0,0,83590
,,2022-01-05,0,0,1190,0,0,14,510,86,0,0,0,710,4,25545,0,0,686,55740,24832,0,0,83590
,,2022-01-06,232,0,491,0,0,8,0,0,0,0,0,942,4,26036,0,0,694,55740,24832,0,0,83590
,,2022-01-07,0,0,0,0,0,0,0,0,0,0,0,942,4,26036,0,0,694,55740,24832,0,0,83590
,,2022-01-08,0,0,0,0,0,0,0,0,0,0,0,942,4,26036,0,0,694,55740,24832,0,0,83590
,,2022-01-09,0,0,0,0,0,0,0,0,0,0,0,942,4,26036,0,0,694,55740,24832,0,0,83590
,,2022-01-10,86,0,947,0,0,115,485,166,0,0,0,1028,4,26983,0,0,809,56225,24998,0,0,83590
,,2022-01-11,0,0,0,0,0,0,0,0,0,0,0,1028,4,26983,0,0,809,56225,24998,0,0,83590
,,2022-01-12,8,0,155,0,0,37,0,0,0,0,0,1036,4,27138,0,0,846,56225,24998,0,0,83590
,,2022-01-13,12,0,108,0,0,26,0,0,0,0,0,1048,4,27246,0,0,872,56225,24998,0,0,83590
,,2022-01-14,7,0,58,0,0,51,0,0,0,0,0,1055,4,27304,0,0,923,56225,24998,0,0,83590
,,2022-01-15,0,0,0,0,0,0,0,0,0,0,0,1055,4,27304,0,0,923,56225,24998,0,0,83590
,,2022-01-16,0,0,0,0,0,0,0,0,0,0,0,1055,4,27304,0,0,923,56225,24998,0,0,83590
,,2022-01-17,140,0,310,0,0,0,595,199,0,0,0,1195,4,27614,0,0,923,56820,25197,0,0,83590
,,2022-01-18,27,1,0,0,0,117,0,0,0,0,0,1222,5,27614,0,0,1040,56820,25197,0,0,83590
,,2022-01-19,20,0,0,0,0,7,0,0,0,0,0,1242,5,27614,0,0,1047,56820,25197,0,0,83590
,,2022-01-20,0,0,0,0,0,0,0,0,0,0,0,1242,5,27614,0,0,1047,56820,25197,0,0,83590
,,2022-01-21,0,0,0,0,0,0,0,0,0,0,0,1242,5,27614,0,0,1047,56820,25197,0,0,83590
,,2022-01-22,0,0,0,0,0,0,0,0,0,0,0,1242,5,27614,0,0,1047,56820,25197,0,0,83590
,,2022-01-23,0,0,0,0,0,0,0,0,0,0,0,1242,5,27614,0,0,1047,56820,25197,0,0,83590
,,2022-01-24,145,0,552,0,0,50,11525,170,11123,0,0,1387,5,28166,0,0,1097,68345,25367,11123,0,83590
,,2022-01-25,52,0,1947,0,0,90,0,0,0,0,0,1439,5,30113,0,0,1187,68345,25367,11123,0,83590
,,2022-01-26,48,0,213,0,0,0,0,0,0,0,0,1487,5,30326,0,0,1187,68345,25367,11123,0,83590
,,2022-01-27,0,0,0,0,0,0,0,0,0,0,0,1487,5,30326,0,0,1187,68345,25367,11123,0,83590
,,2022-01-28,0,0,0,0,0,0,0,0,0,0,0,1487,5,30326,0,0,1187,68345,25367,11123,0,83590
,,2022-01-29,0,0,0,0,0,0,0,0,0,0,0,1487,5,30326,0,0,1187,68345,25367,11123,0,83590
,,2022-01-30,0,0,0,0,0,0,0,0,0,0,0,1487,5,30326,0,0,1187,68345,25367,11123,0,83590
,,2022-01-31,250,0,817,0,0,73,1489,558,647,0,0,1737,5,31143,0,0,1260,69834,25925,11770,0,83590
,,2022-02-01,83,0,388,0,0,93,0,0,0,0,0,1820,5,31531,0,0,1353,69834,25925,11770,0,83590
,,2022-02-02,0,0,0,0,0,0,0,0,0,0,0,1820,5,31531,0,0,1353,69834,25925,11770,0,83590
,,2022-02-03,71,0,78,0,0,91,0,0,0,0,0,1891,5,31609,0,0,1444,69834,25925,11770,0,83590
,,2022-02-04,0,0,0,0,0,0,0,0,0,0,0,1891,5,31609,0,0,1444,69834,25925,11770,0,83590
,,2022-02-05,0,0,0,0,0,0,0,0,0,0,0,1891,5,31609,0,0,1444,69834,25925,11770,0,83590
,,2022-02-06,0,0,0,0,0,0,0,0,0,0,0,1891,5,31609,0,0,1444,69834,25925,11770,0,83590
,,2022-02-07,98,0,807,0,0,0,1834,720,753,0,0,1989,5,32416,0,0,1444,71668,26645,12523,0,83590
,,2022-02-08,22,0,0,0,0,196,0,0,0,0,0,2011,5,32416,0,0,1640,71668,26645,12523,0,83590
,,2022-02-09,36,0,0,0,0,0,0,0,0,0,0,2047,5,32416,0,0,1640,71668,26645,12523,0,83590
,,2022-02-10,0,0,0,0,0,0,0,0,0,0,0,2047,5,32416,0,0,1640,71668,26645,12523,0,83590
,,2022-02-11,0,0,0,0,0,0,0,0,0,0,0,2047,5,32416,0,0,1640,71668,26645,12523,0,83590
,,2022-02-12,0,0,0,0,0,0,0,0,0,0,0,2047,5,32416,0,0,1640,71668,26645,12523,0,83590
,,2022-02-13,0,0,0,0,0,0,0,0,0,0,0,2047,5,32416,0,0,1640,71668,26645,12523,0,83590
,,2022-02-14,0,0,0,0,0,0,0,0,0,0,0,2047,5,32416,0,0,1640,71668,26645,12523,0,83590
,,2022-02-15,216,0,0,0,0,266,1663,644,659,0,0,2263,5,32416,0,0,1906,73331,27289,13182,0,83590
,,2022-02-16,43,0,0,0,0,0,0,0,0,0,0,2306,5,32416,0,0,1906,73331,27289,13182,0,83590
,,2022-02-17,35,0,0,0,0,68,0,0,0,0,0,2341,5,32416,0,0,1974,73331,27289,13182,0,83590
,,2022-02-18,50,0,0,0,0,0,0,0,0,0,0,2391,5,32416,0,0,1974,73331,27289,13182,0,83590
,,2022-02-19,0,0,0,0,0,0,0,0,0,0,0,2391,5,32416,0,0,1974,73331,27289,13182,0,83590
,,2022-02-20,0,0,0,0,0,0,0,0,0,0,0,2391,5,32416,0,0,1974,73331,27289,13182,0,83590
,,2022-02-21,0,0,0,0,0,0,0,0,0,0,0,2391,5,32416,0,0,1974,73331,27289,13182,0,83590
,,2022-02-22,136,0,2003,0,0,0,1021,487,341,0,0,2527,5,34419,0,0,1974,74352,27776,13523,0,83590
,,2022-02-23,93,0,296,0,0,256,0,0,0,0,0,2620,5,34715,0,0,2230,74352,27776,13523,0,83590
,,2022-02-24,48,0,-85,0,0,69,0,0,0,0,0,2668,5,34630,0,0,2299,74352,27776,13523,0,83590
,,2022-02-25,0,0,0,0,0,0,0,0,0,0,0,2668,5,34630,0,0,2299,74352,27776,13523,0,83590
,,2022-02-26,0,0,0,0,0,0,0,0,0,0,0,2668,5,34630,0,0,2299,74352,27776,13523,0,83590
,,2022-02-27,0,0,0,0,0,0,0,0,0,0,0,2668,5,34630,0,0,2299,74352,27776,13523,0,83590
,,2022-02-28,145,0,550,0,0,0,0,0,0,0,0,2813,5,35180,0,0,2299,74352,27776,13523,0,83590
,,2022-03-01,0,0,0,0,0,0,0,0,0,0,0,2813,5,35180,0,0,2299,74352,27776,13523,0,83590
,,2022-03-02,141,0,315,0,0,216,529,213,215,0,0,2954,5,35495,0,0,2515,74881,27989,13738,0,83590
,,2022-03-03,0,0,0,0,0,0,0,0,0,0,0,2954,5,35495,0,0,2515,74881,27989,13738,0,83590
,,2022-03-04,101,0,361,0,0,45,0,0,0,0,0,3055,5,35856,0,0,2560,74881,27989,13738,0,83590
,,2022-03-05,0,0,0,0,0,0,0,0,0,0,0,3055,5,35856,0,0,2560,74881,27989,13738,0,83590
,,2022-03-06,0,0,0,0,0,0,0,0,0,0,0,3055,5,35856,0,0,2560,74881,27989,13738,0,83590
,,2022-03-07,108,0,945,0,0,0,513,255,152,0,0,3163,5,36801,0,0,2560,75394,28244,13890,0,83590
,,2022-03-08,7,0,56,0,0,163,0,0,0,0,0,3170,5,36857,0,0,2723,75394,28244,13890,0,83590
,,2022-03-09,30,0,0,0,0,0,0,0,0,0,0,3200,5,36857,0,0,2723,75394,28244,13890,0,83590
,,2022-03-10,0,0,0,0,0,0,0,0,0,0,18640,3200,5,36857,0,0,2723,75394,28244,13890,0,102230
,,2022-03-11,65,0,463,0,0,136,0,0,0,0,0,3265,5,37320,0,0,2859,75394,28244,13890,0,102230
,,2022-03-12,0,0,0,0,0,0,0,0,0,0,0,3265,5,37320,0,0,2859,75394,28244,13890,0,102230
,,2022-03-13,0,0,0,0,0,0,0,0,0,0,0,3265,5,37320,0,0,2859,75394,28244,13890,0,102230
,,2022-03-14,0,0,0,0,0,0,0,0,0,0,0,3265,5,37320,0,0,2859,75394,28244,13890,0,102230
,,2022-03-15,0,0,0,0,0,0,0,0,0,0,0,3265,5,37320,0,0,2859,75394,28244,13890,0,102230
,,2022-03-16,66,0,398,0,0,148,551,266,196,0,0,3331,5,37718,0,0,3007,75945,28510,14086,0,102230
,,2022-03-17,0,0,0,0,0,0,0,0,0,0,0,3331,5,37718,0,0,3007,75945,28510,14086,0,102230
,,2022-03-18,0,0,0,0,0,0,0,0,0,0,0,3331,5,37718,0,0,3007,75945,28510,14086,0,102230
,,2022-03-19,0,0,0,0,0,0,0,0,0,0,0,3331,5,37718,0,0,3007,75945,28510,14086,0,102230
,,2022-03-20,0,0,0,0,0,0,0,0,0,0,0,3331,5,37718,0,0,3007,75945,28510,14086,0,102230
,,2022-03-21,0,0,0,0,0,0,0,0,0,0,0,3331,5,37718,0,0,3007,75945,28510,14086,0,102230
,,2022-03-22,0,0,0,0,0,0,0,0,0,0,0,3331,5,37718,0,0,3007,75945,28510,14086,0,102230
,,2022-03-23,0,0,0,0,0,0,0,0,0,0,0,3331,5,37718,0,0,3007,75945,28510,14086,0,102230
,,2022-03-24,69,0,470,0,0,171,447,210,171,0,0,3400,5,38188,0,0,3178,76392,28720,14257,0,102230
,,2022-03-25,0,0,0,0,0,0,0,0,0,0,0,3400,5,38188,0,0,3178,76392,28720,14257,0,102230
,,2022-03-26,0,0,0,0,0,0,0,0,0,0,0,3400,5,38188,0,0,3178,76392,28720,14257,0,102230
,,2022-03-27,0,0,0,0,0,0,0,0,0,0,0,3400,5,38188,0,0,3178,76392,28720,14257,0,102230
,,2022-03-28,0,0,0,0,0,0,0,0,0,0,0,3400,5,38188,0,0,3178,76392,28720,14257,0,102230
,,2022-03-29,0,0,0,0,0,0,0,0,0,0,0,3400,5,38188,0,0,3178,76392,28720,14257,0,102230
,,2022-03-30,72,1,431,0,0,211,278,108,119,0,0,3472,6,38619,0,0,3389,76670,28828,14376,0,102230
,,2022-03-31,0,0,0,0,0,0,0,0,0,0,0,3472,6,38619,0,0,3389,76670,28828,14376,0,102230
,,2022-04-01,0,0,0,0,0,0,0,0,0,0,0,3472,6,38619,0,0,3389,76670,28828,14376,0,102230
,,2022-04-02,0,0,0,0,0,0,0,0,0,0,0,3472,6,38619,0,0,3389,76670,28828,14376,0,102230
,,2022-04-03,0,0,0,0,0,0,0,0,0,0,0,3472,6,38619,0,0,3389,76670,28828,14376,0,102230
,,2022-04-04,0,0,0,0,0,0,0,0,0,0,0,3472,6,38619,0,0,3389,76670,28828,14376,0,102230
,,2022-04-05,59,1,242,0,0,46,413,193,143,0,0,3531,7,38861,0,0,3435,77083,29021,14519,0,102230
,,2022-04-06,0,0,0,0,0,0,0,0,0,0,0,3531,7,38861,0,0,3435,77083,29021,14519,0,102230
,,2022-04-07,0,0,0,0,0,0,0,0,0,0,0,3531,7,38861,0,0,3435,77083,29021,14519,0,102230
,,2022-04-08,0,0,0,0,0,0,0,0,0,0,0,3531,7,38861,0,0,3435,77083,29021,14519,0,102230
,,2022-04-09,0,0,0,0,0,0,0,0,0,0,0,3531,7,38861,0,0,3435,77083,29021,14519,0,102230
,,2022-04-10,0,0,0,0,0,0,0,0,0,0,0,3531,7,38861,0,0,3435,77083,29021,14519,0,102230
,,2022-04-11,0,0,0,0,0,0,0,0,0,0,0,3531,7,38861,0,0,3435,77083,29021,14519,0,102230
,,2022-04-12,0,0,0,0,0,0,0,0,0,0,0,3531,7,38861,0,0,3435,77083,29021,14519,0,102230
,,2022-04-13,0,0,0,0,0,0,0,0,0,0,0,3531,7,38861,0,0,3435,77083,29021,14519,0,102230
,,2022-04-14,0,0,0,0,0,0,0,0,0,0,0,3531,7,38861,0,0,3435,77083,29021,14519,0,102230
,,2022-04-15,0,0,0,0,0,0,0,0,0,0,0,3531,7,38861,0,0,3435,77083,29021,14519,0,102230
,,2022-04-16,0,0,0,0,0,0,0,0,0,0,0,3531,7,38861,0,0,3435,77083,29021,14519,0,102230
,,2022-04-17,0,0,0,0,0,0,0,0,0,0,0,3531,7,38861,0,0,3435,77083,29021,14519,0,102230
,,2022-04-18,0,0,0,0,0,0,0,0,0,0,0,3531,7,38861,0,0,3435,77083,29021,14519,0,102230
,,2022-04-19,0,0,0,0,0,0,0,0,0,0,0,3531,7,38861,0,0,3435,77083,29021,14519,0,102230
,,2022-04-20,0,0,0,0,0,0,0,0,0,0,0,3531,7,38861,0,0,3435,77083,29021,14519,0,102230
,,2022-04-21,0,0,0,0,0,0,0,0,0,0,0,3531,7,38861,0,0,3435,77083,29021,14519,0,102230
,,2022-04-22,0,0,0,0,0,0,0,0,0,0,0,3531,7,38861,0,0,3435,77083,29021,14519,0,102230
,,2022-04-23,0,0,0,0,0,0,0,0,0,0,0,3531,7,38861,0,0,3435,77083,29021,14519,0,102230
,,2022-04-24,0,0,0,0,0,0,0,0,0,0,0,3531,7,38861,0,0,3435,77083,29021,14519,0,102230
,,2022-04-25,0,0,0,0,0,0,0,0,0,0,0,3531,7,38861,0,0,3435,77083,29021,14519,0,102230
,,2022-04-26,0,0,0,0,0,0,0,0,0,0,0,3531,7,38861,0,0,3435,77083,29021,14519,0,102230
,,2022-04-27,0,0,0,0,0,0,0,0,0,0,0,3531,7,38861,0,0,3435,77083,29021,14519,0,102230
,,2022-04-28,0,0,0,0,0,0,0,0,0,0,0,3531,7,38861,0,0,3435,77083,29021,14519,0,102230
,,2022-04-29,0,0,0,0,0,0,0,0,0,0,0,3531,7,38861,0,0,3435,77083,29021,14519,0,102230
,,2022-04-30,0,0,0,0,0,0,0,0,0,0,0,3531,7,38861,0,0,3435,77083,29021,14519,0,102230
,,2022-05-01,0,0,0,0,0,0,0,0,0,0,0,3531,7,38861,0,0,3435,77083,29021,14519,0,102230
,,2022-05-02,0,0,0,0,0,0,0,0,0,0,0,3531,7,38861,0,0,3435,77083,29021,14519,0,102230
,,2022-05-03,0,0,0,0,0,0,0,0,0,0,0,3531,7,38861,0,0,3435,77083,29021,14519,0,102230
,,2022-05-04,0,0,0,0,0,0,0,0,0,0,0,3531,7,38861,0,0,3435,77083,29021,14519,0,102230
,,2022-05-05,0,0,0,0,0,0,0,0,0,0,0,3531,7,38861,0,0,3435,77083,29021,14519,0,102230
,,2022-05-06,0,0,0,0,0,0,0,0,0,0,0,3531,7,38861,0,0,3435,77083,29021,14519,0,102230
,,2022-05-07,0,0,0,0,0,0,0,0,0,0,0,3531,7,38861,0,0,3435,77083,29021,14519,0,102230
,,2022-05-08,0,0,0,0,0,0,0,0,0,0,0,3531,7,38861,0,0,3435,77083,29021,14519,0,102230
,,2022-05-09,0,0,0,0,0,0,0,0,0,0,0,3531,7,38861,0,0,3435,77083,29021,14519,0,102230
,,2022-05-10,0,0,0,0,0,0,0,0,0,0,0,3531,7,38861,0,0,3435,77083,29021,14519,0,102230
,,2022-05-11,0,0,0,0,0,0,0,0,0,0,0,3531,7,38861,0,0,3435,77083,29021,14519,0,102230
,,2022-05-12,0,0,0,0,0,0,0,0,0,0,0,3531,7,38861,0,0,3435,77083,29021,14519,0,102230
,,2022-05-13,0,0,0,0,0,0,0,0,0,0,0,3531,7,38861,0,0,3435,77083,29021,14519,0,102230
,,2022-05-14,0,0,0,0,0,0,0,0,0,0,0,3531,7,38861,0,0,3435,77083,29021,14519,0,102230
,,2022-05-15,0,0,0,0,0,0,0,0,0,0,0,3531,7,38861,0,0,3435,77083,29021,14519,0,102230
,,2022-05-16,0,0,0,0,0,0,0,0,0,0,0,3531,7,38861,0,0,3435,77083,29021,14519,0,102230
,,2022-05-17,0,0,0,0,0,0,0,0,0,0,0,3531,7,38861,0,0,3435,77083,29021,14519,0,102230
,,2022-05-18,0,0,0,0,0,0,0,0,0,0,0,3531,7,38861,0,0,3435,77083,29021,14519,0,102230
,,2022-05-19,0,0,0,0,0,0,0,0,0,0,0,3531,7,38861,0,0,3435,77083,29021,14519,0,102230
,,2022-05-20,0,0,0,0,0,0,0,0,0,0,0,3531,7,38861,0,0,3435,77083,29021,14519,0,102230
,,2022-05-21,0,0,0,0,0,0,0,0,0,0,0,3531,7,38861,0,0,3435,77083,29021,14519,0,102230
,,2022-05-22,0,0,0,0,0,0,0,0,0,0,0,3531,7,38861,0,0,3435,77083,29021,14519,0,102230
,,2022-05-23,0,0,0,0,0,0,0,0,0,0,0,3531,7,38861,0,0,3435,77083,29021,14519,0,102230
,,2022-05-24,0,0,0,0,0,0,0,0,0,0,0,3531,7,38861,0,0,3435,77083,29021,14519,0,102230
,,2022-05-25,0,0,0,0,0,0,0,0,0,0,0,3531,7,38861,0,0,3435,77083,29021,14519,0,102230
,,2022-05-26,0,0,0,0,0,0,0,0,0,0,0,3531,7,38861,0,0,3435,77083,29021,14519,0,102230
,,2022-05-27,0,0,0,0,0,0,0,0,0,0,0,3531,7,38861,0,0,3435,77083,29021,14519,0,102230
,,2022-05-28,0,0,0,0,0,0,0,0,0,0,0,3531,7,38861,0,0,3435,77083,29021,14519,0,102230
,,2022-05-29,0,0,0,0,0,0,0,0,0,0,0,3531,7,38861,0,0,3435,77083,29021,14519,0,102230
,,2022-05-30,0,0,0,0,0,0,0,0,0,0,0,3531,7,38861,0,0,3435,77083,29021,14519,0,102230
,,2022-05-31,0,0,0,0,0,0,0,0,0,0,0,3531,7,38861,0,0,3435,77083,29021,14519,0,102230
,,2022-06-01,0,0,0,0,0,0,0,0,0,0,0,3531,7,38861,0,0,3435,77083,29021,14519,0,102230
,,2022-06-02,0,0,0,0,0,0,0,0,0,0,0,3531,7,38861,0,0,3435,77083,29021,14519,0,102230
,,2022-06-03,0,0,0,0,0,0,0,0,0,0,0,3531,7,38861,0,0,3435,77083,29021,14519,0,102230
,,2022-06-04,0,0,0,0,0,0,0,0,0,0,0,3531,7,38861,0,0,3435,77083,29021,14519,0,102230
,,2022-06-05,0,0,0,0,0,0,0,0,0,0,0,3531,7,38861,0,0,3435,77083,29021,14519,0,102230
,,2022-06-06,0,0,0,0,0,0,0,0,0,0,0,3531,7,38861,0,0,3435,77083,29021,14519,0,102230
,,2022-06-07,0,0,0,0,0,0,0,0,0,0,0,3531,7,38861,0,0,3435,77083,29021,14519,0,102230
,,2022-06-08,0,0,0,0,0,0,0,0,0,0,0,3531,7,38861,0,0,3435,77083,29021,14519,0,102230
,,2022-06-09,0,0,0,0,0,0,0,0,0,0,0,3531,7,38861,0,0,3435,77083,29021,14519,0,102230
,,2022-06-10,0,0,0,0,0,0,0,0,0,0,0,3531,7,38861,0,0,3435,77083,29021,14519,0,102230
,,2022-06-11,0,0,0,0,0,0,0,0,0,0,0,3531,7,38861,0,0,3435,77083,29021,14519,0,102230
,,2022-06-12,0,0,0,0,0,0,0,0,0,0,0,3531,7,38861,0,0,3435,77083,29021,14519,0,102230
,,2022-06-13,0,0,0,0,0,0,0,0,0,0,0,3531,7,38861,0,0,3435,77083,29021,14519,0,102230
,,2022-06-14,0,0,0,0,0,0,0,0,0,0,0,3531,7,38861,0,0,3435,77083,29021,14519,0,102230
,,2022-06-15,0,0,0,0,0,0,0,0,0,0,0,3531,7,38861,0,0,3435,77083,29021,14519,0,102230
,,2022-06-16,0,0,0,0,0,0,0,0,0,0,0,3531,7,38861,0,0,3435,77083,29021,14519,0,102230
,,2022-06-17,0,0,0,0,0,0,0,0,0,0,0,3531,7,38861,0,0,3435,77083,29021,14519,0,102230
,,2022-06-18,0,0,0,0,0,0,0,0,0,0,0,3531,7,38861,0,0,3435,77083,29021,14519,0,102230
,,2022-06-19,0,0,0,0,0,0,0,0,0,0,0,3531,7,38861,0,0,3435,77083,29021,14519,0,102230
,,2022-06-20,0,0,0,0,0,0,0,0,0,0,0,3531,7,38861,0,0,3435,77083,29021,14519,0,102230
,,2022-06-21,0,0,0,0,0,0,0,0,0,0,0,3531,7,38861,0,0,3435,77083,29021,14519,0,102230
,,2022-06-22,0,0,0,0,0,0,0,0,0,0,0,3531,7,38861,0,0,3435,77083,29021,14519,0,102230
,,2022-06-23,0,0,0,0,0,0,0,0,0,0,0,3531,7,38861,0,0,3435,77083,29021,14519,0,102230
,,2022-06-24,0,0,0,0,0,0,0,0,0,0,0,3531,7,38861,0,0,3435,77083,29021,14519,0,102230
,,2022-06-25,0,0,0,0,0,0,0,0,0,0,0,3531,7,38861,0,0,3435,77083,29021,14519,0,102230
,,2022-06-26,0,0,0,0,0,0,0,0,0,0,0,3531,7,38861,0,0,3435,77083,29021,14519,0,102230
,,2022-06-27,0,0,0,0,0,0,0,0,0,0,0,3531,7,38861,0,0,3435,77083,29021,14519,0,102230
,,2022-06-28,0,0,0,0,0,0,0,0,0,0,0,3531,7,38861,0,0,3435,77083,29021,14519,0,102230
,,2022-06-29,0,0,0,0,0,0,0,0,0,0,0,3531,7,38861,0,0,3435,77083,29021,14519,0,102230
,,2022-06-30,0,0,0,0,0,0,0,0,0,0,0,3531,7,38861,0,0,3435,77083,29021,14519,0,102230
,,2022-07-01,0,0,0,0,0,0,0,0,0,0,0,3531,7,38861,0,0,3435,77083,29021,14519,0,102230
,,2022-07-02,0,0,0,0,0,0,0,0,0,0,0,3531,7,38861,0,0,3435,77083,29021,14519,0,102230
,,2022-07-03,0,0,0,0,0,0,0,0,0,0,0,3531,7,38861,0,0,3435,77083,29021,14519,0,102230
,,2022-07-04,0,0,0,0,0,0,0,0,0,0,0,3531,7,38861,0,0,3435,77083,29021,14519,0,102230
,,2022-07-05,0,0,0,0,0,0,0,0,0,0,0,3531,7,38861,0,0,3435,77083,29021,14519,0,102230
,,2022-07-06,0,0,0,0,0,0,0,0,0,0,0,3531,7,38861,0,0,3435,77083,29021,14519,0,102230
,,2022-07-07,0,0,0,0,0,0,0,0,0,0,0,3531,7,38861,0,0,3435,77083,29021,14519,0,102230
,,2022-07-08,0,0,0,0,0,0,0,0,0,0,0,3531,7,38861,0,0,3435,77083,29021,14519,0,102230
,,2022-07-09,0,0,0,0,0,0,0,0,0,0,0,3531,7,38861,0,0,3435,77083,29021,14519,0,102230
,,2022-07-10,0,0,0,0,0,0,0,0,0,0,0,3531,7,38861,0,0,3435,77083,29021,14519,0,102230
,,2022-07-11,0,0,0,0,0,0,0,0,0,0,0,3531,7,38861,0,0,3435,77083,29021,14519,0,102230
,,2022-07-12,0,0,0,0,0,0,0,0,0,0,0,3531,7,38861,0,0,3435,77083,29021,14519,0,102230
,,2022-07-13,0,0,0,0,0,0,0,0,0,0,0,3531,7,38861,0,0,3435,77083,29021,14519,0,102230
,,2022-07-14,0,0,0,0,0,0,0,0,0,0,0,3531,7,38861,0,0,3435,77083,29021,14519,0,102230
,,2022-07-15,0,0,0,0,0,0,0,0,0,0,0,3531,7,38861,0,0,3435,77083,29021,14519,0,102230
,,2022-07-16,0,0,0,0,0,0,0,0,0,0,0,3531,7,38861,0,0,3435,77083,29021,14519,0,102230
,,2022-07-17,0,0,0,0,0,0,0,0,0,0,0,3531,7,38861,0,0,3435,77083,29021,14519,0,102230
,,2022-07-18,0,0,0,0,0,0,0,0,0,0,0,3531,7,38861,0,0,3435,77083,29021,14519,0,102230
,,2022-07-19,0,0,0,0,0,0,0,0,0,0,0,3531,7,38861,0,0,3435,77083,29021,14519,0,102230
,,2022-07-20,0,0,0,0,0,0,0,0,0,0,0,3531,7,38861,0,0,3435,77083,29021,14519,0,102230
,,2022-07-21,0,0,0,0,0,0,0,0,0,0,0,3531,7,38861,0,0,3435,77083,29021,14519,0,102230
,,2022-07-22,0,0,0,0,0,0,0,0,0,0,0,3531,7,38861,0,0,3435,77083,29021,14519,0,102230
,,2022-07-23,0,0,0,0,0,0,0,0,0,0,0,3531,7,38861,0,0,3435,77083,29021,14519,0,102230
,,2022-07-24,0,0,0,0,0,0,0,0,0,0,0,3531,7,38861,0,0,3435,77083,29021,14519,0,102230
,,2022-07-25,0,0,0,0,0,0,0,0,0,0,0,3531,7,38861,0,0,3435,77083,29021,14519,0,102230
,,2022-07-26,0,0,0,0,0,0,0,0,0,0,0,3531,7,38861,0,0,3435,77083,29021,14519,0,102230
,,2022-07-27,0,0,0,0,0,0,0,0,0,0,0,3531,7,38861,0,0,3435,77083,29021,14519,0,102230
,,2022-07-28,0,0,0,0,0,0,0,0,0,0,0,3531,7,38861,0,0,3435,77083,29021,14519,0,102230
,,2022-07-29,0,0,0,0,0,0,0,0,0,0,0,3531,7,38861,0,0,3435,77083,29021,14519,0,102230
,,2022-07-30,0,0,0,0,0,0,0,0,0,0,0,3531,7,38861,0,0,3435,77083,29021,14519,0,102230
,,2022-07-31,0,0,0,0,0,0,0,0,0,0,0,3531,7,38861,0,0,3435,77083,29021,14519,0,102230
,,2022-08-01,0,0,0,0,0,0,0,0,0,0,0,3531,7,38861,0,0,3435,77083,29021,14519,0,102230
,,2022-08-02,0,0,0,0,0,0,0,0,0,0,0,3531,7,38861,0,0,3435,77083,29021,14519,0,102230
,,2022-08-03,0,0,0,0,0,0,0,0,0,0,0,3531,7,38861,0,0,3435,77083,29021,14519,0,102230
,,2022-08-04,0,0,0,0,0,0,0,0,0,0,0,3531,7,38861,0,0,3435,77083,29021,14519,0,102230
,,2022-08-05,0,0,0,0,0,0,0,0,0,0,0,3531,7,38861,0,0,3435,77083,29021,14519,0,102230
,,2022-08-06,0,0,0,0,0,0,0,0,0,0,0,3531,7,38861,0,0,3435,77083,29021,14519,0,102230
,,2022-08-07,0,0,0,0,0,0,0,0,0,0,0,3531,7,38861,0,0,3435,77083,29021,14519,0,102230
,,2022-08-08,0,0,0,0,0,0,0,0,0,0,0,3531,7,38861,0,0,3435,77083,29021,14519,0,102230
,,2022-08-09,0,0,0,0,0,0,0,0,0,0,0,3531,7,38861,0,0,3435,77083,29021,14519,0,102230
,,2022-08-10,0,0,0,0,0,0,0,0,0,0,10000,3531,7,38861,0,0,3435,77083,29021,14519,0,112230
,,2022-08-11,0,0,0,0,0,0,0,0,0,0,0,3531,7,38861,0,0,3435,77083,29021,14519,0,112230
,,2022-08-12,0,0,0,0,0,0,0,0,0,0,0,3531,7,38861,0,0,3435,77083,29021,14519,0,112230
,,2022-08-13,0,0,0,0,0,0,0,0,0,0,0,3531,7,38861,0,0,3435,77083,29021,14519,0,112230
,,2022-08-14,0,0,0,0,0,0,0,0,0,0,0,3531,7,38861,0,0,3435,77083,29021,14519,0,112230
,,2022-08-15,0,0,0,0,0,0,0,0,0,0,0,3531,7,38861,0,0,3435,77083,29021,14519,0,112230
,,2022-08-16,0,0,0,0,0,0,0,0,0,0,0,3531,7,38861,0,0,3435,77083,29021,14519,0,112230
,,2022-08-17,0,0,0,0,0,0,0,0,0,0,0,3531,7,38861,0,0,3435,77083,29021,14519,0,112230
,,2022-08-18,0,0,0,0,0,0,0,0,0,0,0,3531,7,38861,0,0,3435,77083,29021,14519,0,112230
,,2022-08-19,0,0,0,0,0,0,0,0,0,0,0,3531,7,38861,0,0,3435,77083,29021,14519,0,112230
,,2022-08-20,0,0,0,0,0,0,0,0,0,0,0,3531,7,38861,0,0,3435,77083,29021,14519,0,112230
,,2022-08-21,0,0,0,0,0,0,0,0,0,0,0,3531,7,38861,0,0,3435,77083,29021,14519,0,112230
,,2022-08-22,0,0,0,0,0,0,0,0,0,0,0,3531,7,38861,0,0,3435,77083,29021,14519,0,112230
,,2022-08-23,0,0,0,0,0,0,0,0,0,0,0,3531,7,38861,0,0,3435,77083,29021,14519,0,112230
,,2022-08-24,0,0,0,0,0,0,0,0,0,0,0,3531,7,38861,0,0,3435,77083,29021,14519,0,112230
,,2022-08-25,0,0,0,0,0,0,0,0,0,0,0,3531,7,38861,0,0,3435,77083,29021,14519,0,112230
,,2022-08-26,0,0,0,0,0,0,0,0,0,0,0,3531,7,38861,0,0,3435,77083,29021,14519,0,112230
,,2022-08-27,0,0,0,0,0,0,0,0,0,0,0,3531,7,38861,0,0,3435,77083,29021,14519,0,112230
,,2022-08-28,0,0,0,0,0,0,0,0,0,0,0,3531,7,38861,0,0,3435,77083,29021,14519,0,112230
,,2022-08-29,0,0,0,0,0,0,0,0,0,0,0,3531,7,38861,0,0,3435,77083,29021,14519,0,112230
,,2022-08-30,0,0,0,0,0,0,0,0,0,0,0,3531,7,38861,0,0,3435,77083,29021,14519,0,112230
,,2022-08-31,0,0,0,0,0,0,0,0,0,0,0,3531,7,38861,0,0,3435,77083,29021,14519,0,112230
,,2022-09-01,0,0,0,0,0,0,0,0,0,0,0,3531,7,38861,0,0,3435,77083,29021,14519,0,112230
,,2022-09-02,0,0,0,0,0,0,0,0,0,0,0,3531,7,38861,0,0,3435,77083,29021,14519,0,112230
,,2022-09-03,0,0,0,0,0,0,0,0,0,0,0,3531,7,38861,0,0,3435,77083,29021,14519,0,112230
,,2022-09-04,0,0,0,0,0,0,0,0,0,0,0,3531,7,38861,0,0,3435,77083,29021,14519,0,112230
,,2022-09-05,0,0,0,0,0,0,0,0,0,0,0,3531,7,38861,0,0,3435,77083,29021,14519,0,112230
,,2022-09-06,0,0,0,0,0,0,0,0,0,0,0,3531,7,38861,0,0,3435,77083,29021,14519,0,112230
,,2022-09-07,0,0,0,0,0,0,0,0,0,0,0,3531,7,38861,0,0,3435,77083,29021,14519,0,112230
,,2022-09-08,0,0,0,0,0,0,0,0,0,0,0,3531,7,38861,0,0,3435,77083,29021,14519,0,112230
,,2022-09-09,0,0,0,0,0,0,0,0,0,0,0,3531,7,38861,0,0,3435,77083,29021,14519,0,112230
,,2022-09-10,0,0,0,0,0,0,0,0,0,0,0,3531,7,38861,0,0,3435,77083,29021,14519,0,112230
,,2022-09-11,0,0,0,0,0,0,0,0,0,0,0,3531,7,38861,0,0,3435,77083,29021,14519,0,112230
,,2022-09-12,0,0,0,0,0,0,0,0,0,0,0,3531,7,38861,0,0,3435,77083,29021,14519,0,112230
,,2022-09-13,0,0,0,0,0,0,0,0,0,0,0,3531,7,38861,0,0,3435,77083,29021,14519,0,112230
,,2022-09-14,0,0,0,0,0,0,0,0,0,0,0,3531,7,38861,0,0,3435,77083,29021,14519,0,112230
,,2022-09-15,0,0,0,0,0,0,0,0,0,0,0,3531,7,38861,0,0,3435,77083,29021,14519,0,112230
,,2022-09-16,0,0,0,0,0,0,0,0,0,0,0,3531,7,38861,0,0,3435,77083,29021,14519,0,112230
,,2022-09-17,0,0,0,0,0,0,0,0,0,0,0,3531,7,38861,0,0,3435,77083,29021,14519,0,112230
,,2022-09-18,0,0,0,0,0,0,0,0,0,0,0,3531,7,38861,0,0,3435,77083,29021,14519,0,112230
,,2022-09-19,0,0,0,0,0,0,0,0,0,0,0,3531,7,38861,0,0,3435,77083,29021,14519,0,112230
,,2022-09-20,0,0,0,0,0,0,0,0,0,0,0,3531,7,38861,0,0,3435,77083,29021,14519,0,112230
,,2022-09-21,0,0,0,0,0,0,0,0,0,0,0,3531,7,38861,0,0,3435,77083,29021,14519,0,112230
,,2022-09-22,0,0,0,0,0,0,0,0,0,0,0,3531,7,38861,0,0,3435,77083,29021,14519,0,112230
,,2022-09-23,0,0,0,0,0,0,0,0,0,0,0,3531,7,38861,0,0,3435,77083,29021,14519,0,112230
,,2022-09-24,0,0,0,0,0,0,0,0,0,0,0,3531,7,38861,0,0,3435,77083,29021,14519,0,112230
,,2022-09-25,0,0,0,0,0,0,0,0,0,0,0,3531,7,38861,0,0,3435,77083,29021,14519,0,112230
,,2022-09-26,0,0,0,0,0,0,0,0,0,0,0,3531,7,38861,0,0,3435,77083,29021,14519,0,112230
,,2022-09-27,0,0,0,0,0,0,0,0,0,0,0,3531,7,38861,0,0,3435,77083,29021,14519,0,112230
,,2022-09-28,0,0,0,0,0,0,0,0,0,0,0,3531,7,38861,0,0,3435,77083,29021,14519,0,112230
,,2022-09-29,0,0,0,0,0,0,0,0,0,0,0,3531,7,38861,0,0,3435,77083,29021,14519,0,112230
,,2022-09-30,0,0,0,0,0,0,0,0,0,0,0,3531,7,38861,0,0,3435,77083,29021,14519,0,112230
,,2022-10-01,0,0,0,0,0,0,0,0,0,0,0,3531,7,38861,0,0,3435,77083,29021,14519,0,112230
,,2022-10-02,0,0,0,0,0,0,0,0,0,0,0,3531,7,38861,0,0,3435,77083,29021,14519,0,112230
,,2022-10-03,0,0,0,0,0,0,0,0,0,0,0,3531,7,38861,0,0,3435,77083,29021,14519,0,112230
,,2022-10-04,0,0,0,0,0,0,0,0,0,0,0,3531,7,38861,0,0,3435,77083,29021,14519,0,112230
,,2022-10-05,0,0,0,0,0,0,0,0,0,0,0,3531,7,38861,0,0,3435,77083,29021,14519,0,112230
,,2022-10-06,0,0,0,0,0,0,0,0,0,0,0,3531,7,38861,0,0,3435,77083,29021,14519,0,112230
,,2022-10-07,0,0,0,0,0,0,0,0,0,0,0,3531,7,38861,0,0,3435,77083,29021,14519,0,112230
,,2022-10-08,0,0,0,0,0,0,0,0,0,0,0,3531,7,38861,0,0,3435,77083,29021,14519,0,112230
,,2022-10-09,0,0,0,0,0,0,0,0,0,0,0,3531,7,38861,0,0,3435,77083,29021,14519,0,112230
,,2022-10-10,0,0,0,0,0,0,0,0,0,0,0,3531,7,38861,0,0,3435,77083,29021,14519,0,112230
,,2022-10-11,0,0,0,0,0,0,0,0,0,0,0,3531,7,38861,0,0,3435,77083,29021,14519,0,112230
,,2022-10-12,0,0,0,0,0,0,0,0,0,0,0,3531,7,38861,0,0,3435,77083,29021,14519,0,112230
,,2022-10-13,0,0,0,0,0,0,0,0,0,0,0,3531,7,38861,0,0,3435,77083,29021,14519,0,112230
,,2022-10-14,0,0,0,0,0,0,0,0,0,0,0,3531,7,38861,0,0,3435,77083,29021,14519,0,112230
,,2022-10-15,0,0,0,0,0,0,0,0,0,0,0,3531,7,38861,0,0,3435,77083,29021,14519,0,112230
,,2022-10-16,0,0,0,0,0,0,0,0,0,0,0,3531,7,38861,0,0,3435,77083,29021,14519,0,112230
,,2022-10-17,0,0,0,0,0,0,0,0,0,0,0,3531,7,38861,0,0,3435,77083,29021,14519,0,112230
,,2022-10-18,0,0,0,0,0,0,0,0,0,0,0,3531,7,38861,0,0,3435,77083,29021,14519,0,112230
,,2022-10-19,0,0,0,0,0,0,0,0,0,0,0,3531,7,38861,0,0,3435,77083,29021,14519,0,112230
,,2022-10-20,0,0,0,0,0,0,0,0,0,0,0,3531,7,38861,0,0,3435,77083,29021,14519,0,112230
,,2022-10-21,0,0,0,0,0,0,0,0,0,0,0,3531,7,38861,0,0,3435,77083,29021,14519,0,112230
,,2022-10-22,0,0,0,0,0,0,0,0,0,0,0,3531,7,38861,0,0,3435,77083,29021,14519,0,112230
,,2022-10-23,0,0,0,0,0,0,0,0,0,0,0,3531,7,38861,0,0,3435,77083,29021,14519,0,112230
,,2022-10-24,0,0,0,0,0,0,0,0,0,0,0,3531,7,38861,0,0,3435,77083,29021,14519,0,112230
,,2022-10-25,0,0,0,0,0,0,0,0,0,0,0,3531,7,38861,0,0,3435,77083,29021,14519,0,112230
,,2022-10-26,0,0,0,0,0,0,0,0,0,0,0,3531,7,38861,0,0,3435,77083,29021,14519,0,112230
,,2022-10-27,0,0,0,0,0,0,0,0,0,0,0,3531,7,38861,0,0,3435,77083,29021,14519,0,112230
,,2022-10-28,0,0,0,0,0,0,0,0,0,0,0,3531,7,38861,0,0,3435,77083,29021,14519,0,112230
,,2022-10-29,0,0,0,0,0,0,0,0,0,0,0,3531,7,38861,0,0,3435,77083,29021,14519,0,112230
,,2022-10-30,0,0,0,0,0,0,0,0,0,0,0,3531,7,38861,0,0,3435,77083,29021,14519,0,112230
,,2022-10-31,0,0,0,0,0,0,0,0,0,0,0,3531,7,38861,0,0,3435,77083,29021,14519,0,112230
,,2022-11-01,0,0,0,0,0,0,0,0,0,0,0,3531,7,38861,0,0,3435,77083,29021,14519,0,112230
,,2022-11-02,0,0,0,0,0,0,0,0,0,0,0,3531,7,38861,0,0,3435,77083,29021,14519,0,112230
,,2022-11-03,0,0,0,0,0,0,0,0,0,0,0,3531,7,38861,0,0,3435,77083,29021,14519,0,112230
,,2022-11-04,0,0,0,0,0,0,0,0,0,0,0,3531,7,38861,0,0,3435,77083,29021,14519,0,112230
,,2022-11-05,0,0,0,0,0,0,0,0,0,0,0,3531,7,38861,0,0,3435,77083,29021,14519,0,112230
,,2022-11-06,0,0,0,0,0,0,0,0,0,0,0,3531,7,38861,0,0,3435,77083,29021,14519,0,112230
,,2022-11-07,0,0,0,0,0,0,0,0,0,0,0,3531,7,38861,0,0,3435,77083,29021,14519,0,112230
,,2022-11-08,0,0,0,0,0,0,0,0,0,0,0,3531,7,38861,0,0,3435,77083,29021,14519,0,112230
,,2022-11-09,0,0,0,0,0,0,0,0,0,0,0,3531,7,38861,0,0,3435,77083,29021,14519,0,112230
,,2022-11-10,0,0,0,0,0,0,0,0,0,0,0,3531,7,38861,0,0,3435,77083,29021,14519,0,112230
,,2022-11-11,0,0,0,0,0,0,0,0,0,0,0,3531,7,38861,0,0,3435,77083,29021,14519,0,112230
,,2022-11-12,0,0,0,0,0,0,0,0,0,0,0,3531,7,38861,0,0,3435,77083,29021,14519,0,112230
,,2022-11-13,0,0,0,0,0,0,0,0,0,0,0,3531,7,38861,0,0,3435,77083,29021,14519,0,112230
,,2022-11-14,0,0,0,0,0,0,0,0,0,0,0,3531,7,38861,0,0,3435,77083,29021,14519,0,112230
,,2022-11-15,0,0,0,0,0,0,0,0,0,0,0,3531,7,38861,0,0,3435,77083,29021,14519,0,112230
,,2022-11-16,0,0,0,0,0,0,0,0,0,0,0,3531,7,38861,0,0,3435,77083,29021,14519,0,112230
,,2022-11-17,0,0,0,0,0,0,0,0,0,0,0,3531,7,38861,0,0,3435,77083,29021,14519,0,112230