vacID,date,province,partial,fully,booster
1,2021-01-02,BC,17510,0,0
2,2021-01-02,AB,14244,0,0
3,2021-01-02,SK,3722,0,0
4,2021-01-02,MB,3540,2,0
5,2021-01-02,ON,33191,0,0
6,2021-01-02,QC,28691,1,0
7,2021-01-02,NL,1785,0,0
8,2021-01-02,NB,2905,0,0
9,2021-01-02,NS,2596,0,0
10,2021-01-02,PE,1932,0,0
11,2021-01-02,YT,0,0,0
12,2021-01-02,NT,2,0,0
13,2021-01-02,NU,0,0,0
14,2021-01-09,BC,46259,0,0
15,2021-01-09,AB,42333,0,0
16,2021-01-09,SK,6964,0,0
17,2021-01-09,MB,8919,899,0
18,2021-01-09,ON,103263,2940,0
19,2021-01-09,QC,78886,102,0
20,2021-01-09,NL,1785,0,0
21,2021-01-09,NB,5019,0,0
22,2021-01-09,NS,2720,0,0
23,2021-01-09,PE,3600,0,0
24,2021-01-09,YT,310,0,0
25,2021-01-09,NT,162,0,0
26,2021-01-09,NU,29,0,0
27,2021-01-16,BC,75914,0,0
28,2021-01-16,AB,81561,0,0
29,2021-01-16,SK,16927,1752,0
30,2021-01-16,MB,17642,2201,0
31,2021-01-16,ON,189090,9667,0
32,2021-01-16,QC,144281,289,0
33,2021-01-16,NL,5291,1495,0
34,2021-01-16,NB,7732,1862,0
35,2021-01-16,NS,7600,2200,0
36,2021-01-16,PE,5102,1154,0
37,2021-01-16,YT,1184,0,0
38,2021-01-16,NT,512,0,0
39,2021-01-16,NU,983,0,0
40,2021-01-23,BC,110566,2202,0
41,2021-01-23,AB,98807,7272,0
42,2021-01-23,SK,32385,3416,0
43,2021-01-23,MB,30764,3498,0
44,2021-01-23,ON,276146,28954,0
45,2021-01-23,QC,220997,685,0
46,2021-01-23,NL,8549,1495,0
47,2021-01-23,NB,10436,2567,0
48,2021-01-23,NS,10575,2705,0
49,2021-01-23,PE,6525,1799,0
50,2021-01-23,YT,3730,0,0
51,2021-01-23,NT,1893,0,0
52,2021-01-23,NU,3822,0,0
53,2021-01-30,BC,129241,4262,0
54,2021-01-30,AB,105752,15648,0
55,2021-01-30,SK,35239,4637,0
56,2021-01-30,MB,41811,7834,0
57,2021-01-30,ON,336828,67787,0
58,2021-01-30,QC,251615,1515,0
59,2021-01-30,NL,10080,1737,0
60,2021-01-30,NB,14257,2839,0
61,2021-01-30,NS,14589,2714,0
62,2021-01-30,PE,7510,2232,0
63,2021-01-30,YT,6496,0,0
64,2021-01-30,NT,9471,0,0
65,2021-01-30,NU,5316,0,0
66,2021-02-06,BC,149564,10366,0
67,2021-02-06,AB,116716,25540,0
68,2021-02-06,SK,41254,8157,0
69,2021-02-06,MB,47986,13003,0
70,2021-02-06,ON,372666,96573,0
71,2021-02-06,QC,269738,3073,0
72,2021-02-06,NL,12596,3324,0
73,2021-02-06,NB,17277,4460,0
74,2021-02-06,NS,17295,4681,0
75,2021-02-06,PE,8337,3037,0
76,2021-02-06,YT,10519,0,0
77,2021-02-06,NT,12366,125,0
78,2021-02-06,NU,5649,0,0
79,2021-02-13,BC,162982,17562,0
80,2021-02-13,AB,144114,49166,0
81,2021-02-13,SK,48566,12410,0
82,2021-02-13,MB,56282,20152,0
83,2021-02-13,ON,456947,164307,0
84,2021-02-13,QC,312839,6244,3
85,2021-02-13,NL,14687,4865,0
86,2021-02-13,NB,18643,5347,0
87,2021-02-13,NS,22343,7498,0
88,2021-02-13,PE,9139,3787,0
89,2021-02-13,YT,11514,909,0
90,2021-02-13,NT,13132,299,0
91,2021-02-13,NU,8339,2134,0
92,2021-02-20,BC,192942,36923,0
93,2021-02-20,AB,165527,63882,0
94,2021-02-20,SK,57824,17745,0
95,2021-02-20,MB,62812,25874,0
96,2021-02-20,ON,540129,229151,0
97,2021-02-20,QC,356352,7892,8
98,2021-02-20,NL,16458,6112,0
99,2021-02-20,NB,21182,7505,0
100,2021-02-20,NS,25032,9782,0
101,2021-02-20,PE,10691,4979,0
102,2021-02-20,YT,11850,1223,0
103,2021-02-20,NT,14157,579,0
104,2021-02-20,NU,9049,2134,0
105,2021-02-27,BC,252373,73808,0
106,2021-02-27,AB,218696,85442,0
107,2021-02-27,SK,75501,24591,0
108,2021-02-27,MB,77119,29980,0
109,2021-02-27,ON,668104,260972,0
110,2021-02-27,QC,448160,9454,11
111,2021-02-27,NL,20285,7466,0
112,2021-02-27,NB,26317,11036,0
113,2021-02-27,NS,32019,12105,0
114,2021-02-27,PE,12176,5165,0
115,2021-02-27,YT,15174,4309,0
116,2021-02-27,NT,16454,1934,0
117,2021-02-27,NU,11383,4107,0
118,2021-03-06,BC,311208,86865,0
119,2021-03-06,AB,282674,90824,0
120,2021-03-06,SK,90456,28006,0
121,2021-03-06,MB,93798,33551,0
122,2021-03-06,ON,860412,270625,0
123,2021-03-06,QC,567238,11072,12
124,2021-03-06,NL,24757,8427,0
125,2021-03-06,NB,33741,12142,0
126,2021-03-06,NS,38676,14395,0
127,2021-03-06,PE,13281,5273,0
128,2021-03-06,YT,21097,7826,0
129,2021-03-06,NT,19775,4558,0
130,2021-03-06,NU,13911,5144,0
131,2021-03-13,BC,380743,87024,0
132,2021-03-13,AB,346135,91520,0
133,2021-03-13,SK,100195,29029,0
134,2021-03-13,MB,108919,35198,0
135,2021-03-13,ON,1116496,284686,0
136,2021-03-13,QC,724661,14910,16
137,2021-03-13,NL,33621,9170,0
138,2021-03-13,NB,38483,12152,0
139,2021-03-13,NS,46891,15655,0
140,2021-03-13,PE,15648,5603,0
141,2021-03-13,YT,27738,9805,0
142,2021-03-13,NT,28208,11151,0
143,2021-03-13,NU,15889,5750,0
144,2021-03-20,BC,490022,87139,0
145,2021-03-20,AB,452690,92935,0
146,2021-03-20,SK,133828,31162,0
147,2021-03-20,MB,139050,44789,1
148,2021-03-20,ON,1480882,297134,0
149,2021-03-20,QC,965087,16723,18
150,2021-03-20,NL,46053,9411,0
151,2021-03-20,NB,57722,12200,0
152,2021-03-20,NS,58036,20050,0
153,2021-03-20,PE,16779,5614,0
154,2021-03-20,YT,32350,10598,0
155,2021-03-20,NT,32074,12389,0
156,2021-03-20,NU,17997,6413,0
157,2021-03-27,BC,637856,87233,0
158,2021-03-27,AB,577223,95452,0
159,2021-03-27,SK,167509,36494,0
160,2021-03-27,MB,179856,56829,2
161,2021-03-27,ON,1916332,308301,0
162,2021-03-27,QC,1233657,18448,20
163,2021-03-27,NL,55231,9527,0
164,2021-03-27,NB,81064,12216,0
165,2021-03-27,NS,83148,23662,0
166,2021-03-27,PE,20258,6139,0
167,2021-03-27,YT,34003,10870,0
168,2021-03-27,NT,35397,13283,0
169,2021-03-27,NU,19669,6785,0
170,2021-04-03,BC,856801,87455,0
171,2021-04-03,AB,653010,103926,0
172,2021-04-03,SK,214246,39119,0
173,2021-04-03,MB,238004,67961,3
174,2021-04-03,ON,2424063,321469,0
175,2021-04-03,QC,1552114,21476,24
176,2021-04-03,NL,69851,9654,0
177,2021-04-03,NB,116885,12250,0
178,2021-04-03,NS,111403,29530,0
179,2021-04-03,PE,25153,7212,0
180,2021-04-03,YT,35470,11592,0
181,2021-04-03,NT,37655,13933,0
182,2021-04-03,NU,21012,7740,0
183,2021-04-10,BC,1025019,87606,0
184,2021-04-10,AB,847630,163532,0
185,2021-04-10,SK,268895,40597,0
186,2021-04-10,MB,290918,71602,6
187,2021-04-10,ON,3044949,330982,0
188,2021-04-10,QC,1903438,34281,27
189,2021-04-10,NL,105652,9674,0
190,2021-04-10,NB,150106,15559,0
191,2021-04-10,NS,138348,30838,0
192,2021-04-10,PE,30937,8241,0
193,2021-04-10,YT,39687,15343,0
194,2021-04-10,NT,38574,14471,0
195,2021-04-10,NU,22865,9247,0
196,2021-04-17,BC,1282091,87970,0
197,2021-04-17,AB,1121901,220472,0
198,2021-04-17,SK,334063,42523,0
199,2021-04-17,MB,352207,73391,6
200,2021-04-17,ON,3751316,344244,0
201,2021-04-17,QC,2382755,50134,39
202,2021-04-17,NL,130124,9674,0
203,2021-04-17,NB,190460,17901,0
204,2021-04-17,NS,194792,32255,0
205,2021-04-17,PE,39504,9325,0
206,2021-04-17,YT,44046,19125,0
207,2021-04-17,NT,41217,16471,0
208,2021-04-17,NU,24469,10434,0
209,2021-04-24,BC,1542066,88663,0
210,2021-04-24,AB,1361365,267195,0
211,2021-04-24,SK,392294,43438,0
212,2021-04-24,MB,433809,75453,10
213,2021-04-24,ON,4527368,358776,0
214,2021-04-24,QC,2863090,75110,55
215,2021-04-24,NL,150624,9676,0
216,2021-04-24,NB,236953,23548,0
217,2021-04-24,NS,260788,34493,0
218,2021-04-24,PE,46278,9768,0
219,2021-04-24,YT,46822,21359,0
220,2021-04-24,NT,44646,19271,0
221,2021-04-24,NU,26855,11940,0
222,2021-05-01,BC,1786772,90642,0
223,2021-05-01,AB,1597666,299929,0
224,2021-05-01,SK,435142,44324,0
225,2021-05-01,MB,501887,78888,15
226,2021-05-01,ON,5247684,373559,0
227,2021-05-01,QC,3279548,126942,79
228,2021-05-01,NL,177390,9676,0
229,2021-05-01,NB,267662,26738,0
230,2021-05-01,NS,312493,36381,0
231,2021-05-01,PE,53202,10585,0
232,2021-05-01,YT,48307,22403,0
233,2021-05-01,NT,46800,20943,0
234,2021-05-01,NU,28251,12395,0
235,2021-05-08,BC,2042442,99461,0
236,2021-05-08,AB,1846554,314504,0
237,2021-05-08,SK,504482,46022,0
238,2021-05-08,MB,565520,83289,19
239,2021-05-08,ON,6023610,390990,0
240,2021-05-08,QC,3768302,202520,111
241,2021-05-08,NL,200591,9676,0
242,2021-05-08,NB,302262,29688,0
243,2021-05-08,NS,356978,37630,0
244,2021-05-08,PE,59758,10750,0
245,2021-05-08,YT,49439,23048,0
246,2021-05-08,NT,48007,21674,0
247,2021-05-08,NU,29096,12768,0
248,2021-05-15,BC,2393265,124880,0
249,2021-05-15,AB,2144280,327063,0
250,2021-05-15,SK,571957,48264,0
251,2021-05-15,MB,660756,89818,21
252,2021-05-15,ON,6925232,422960,0
253,2021-05-15,QC,4371914,277753,139
254,2021-05-15,NL,232216,9876,0
255,2021-05-15,NB,349662,32724,0
256,2021-05-15,NS,415570,38830,0
257,2021-05-15,PE,67758,11429,0
258,2021-05-15,YT,50652,23673,0
259,2021-05-15,NT,49811,22501,0
260,2021-05-15,NU,29649,13080,0
261,2021-05-22,BC,2744020,142406,0
262,2021-05-22,AB,2460857,347008,0
263,2021-05-22,SK,645384,55861,0
264,2021-05-22,MB,754595,100354,24
265,2021-05-22,ON,7925277,519981,0
266,2021-05-22,QC,4999959,361787,178
267,2021-05-22,NL,264031,10321,0
268,2021-05-22,NB,411471,35702,0
269,2021-05-22,NS,483549,40900,0
270,2021-05-22,PE,78817,12156,0
271,2021-05-22,YT,51758,24254,0
272,2021-05-22,NT,51320,22960,0
273,2021-05-22,NU,30824,13906,0
274,2021-05-29,BC,3106269,160885,0
275,2021-05-29,AB,2720687,381015,0
276,2021-05-29,SK,706548,72818,0
277,2021-05-29,MB,860724,119490,25
278,2021-05-29,ON,8839445,659139,0
279,2021-05-29,QC,5575192,451046,231
280,2021-05-29,NL,297873,11401,0
281,2021-05-29,NB,461042,38815,0
282,2021-05-29,NS,560843,43252,0
283,2021-05-29,PE,87861,12868,0
284,2021-05-29,YT,52649,24763,0
285,2021-05-29,NT,52237,23344,0
286,2021-05-29,NU,31927,14783,0
287,2021-06-05,BC,3488884,256725,0
288,2021-06-05,AB,3013555,502833,0
289,2021-06-05,SK,787130,122593,0
290,2021-06-05,MB,952990,154828,30
291,2021-06-05,ON,9834182,963257,0
292,2021-06-05,QC,6195269,603440,347
293,2021-06-05,NL,330103,14404,0
294,2021-06-05,NB,520899,45646,0
295,2021-06-05,NS,621661,44188,0
296,2021-06-05,PE,98628,14254,0
297,2021-06-05,YT,54166,25252,0
298,2021-06-05,NT,53501,23922,0
299,2021-06-05,NU,32675,15268,0
300,2021-06-12,BC,3893581,497932,0
301,2021-06-12,AB,3336850,729137,0
302,2021-06-12,SK,878665,191808,0
303,2021-06-12,MB,1050481,206595,33
304,2021-06-12,ON,11022452,1667761,0
305,2021-06-12,QC,6814136,901822,483
306,2021-06-12,NL,363252,23712,0
307,2021-06-12,NB,583855,69686,0
308,2021-06-12,NS,678615,47930,0
309,2021-06-12,PE,111616,16901,0
310,2021-06-12,YT,55485,25789,0
311,2021-06-12,NT,55078,24881,0
312,2021-06-12,NU,33592,15707,0
313,2021-06-19,BC,4296151,823371,0
314,2021-06-19,AB,3721419,1040740,0
315,2021-06-19,SK,981734,275362,0
316,2021-06-19,MB,1159280,291240,41
317,2021-06-19,ON,12366899,2725302,0
318,2021-06-19,QC,7483965,1413794,750
319,2021-06-19,NL,404055,41336,0
320,2021-06-19,NB,649110,121777,0
321,2021-06-19,NS,752599,73600,0
322,2021-06-19,PE,123208,18828,0
323,2021-06-19,YT,56640,26262,0
324,2021-06-19,NT,57215,26383,0
325,2021-06-19,NU,33958,15867,0
326,2021-06-26,BC,4703549,1167117,0
327,2021-06-26,AB,4022084,1307433,0
328,2021-06-26,SK,1092980,374384,0
329,2021-06-26,MB,1324778,438301,55
330,2021-06-26,ON,13824469,3988105,0
331,2021-06-26,QC,8121932,1993791,1014
332,2021-06-26,NL,441692,67867,0
333,2021-06-26,NB,725042,189927,0
334,2021-06-26,NS,847830,147001,0
335,2021-06-26,PE,136472,23793,0
336,2021-06-26,YT,58092,27055,0
337,2021-06-26,NT,58840,27413,0
338,2021-06-26,NU,36791,16026,0
339,2021-07-03,BC,5124693,1526711,0
340,2021-07-03,AB,4432975,1685067,0
341,2021-07-03,SK,1202927,474034,0
342,2021-07-03,MB,1500753,590786,74
343,2021-07-03,ON,15365003,5377506,0
344,2021-07-03,QC,8853525,2672618,1456
345,2021-07-03,NL,489622,100584,0
346,2021-07-03,NB,808951,266840,0
347,2021-07-03,NS,961653,253331,0
348,2021-07-03,PE,150370,33804,0
349,2021-07-03,YT,59373,27917,0
350,2021-07-03,NT,60053,28182,0
351,2021-07-03,NU,37773,16379,0
352,2021-07-10,BC,5565983,1915919,0
353,2021-07-10,AB,4777367,1998692,0
354,2021-07-10,SK,1288868,549537,0
355,2021-07-10,MB,1618806,690266,86
356,2021-07-10,ON,16827434,6702624,0
357,2021-07-10,QC,9578514,3350354,2931
358,2021-07-10,NL,537599,145174,0
359,2021-07-10,NB,890757,340583,0
360,2021-07-10,NS,1085267,369412,0
361,2021-07-10,PE,161660,43065,0
362,2021-07-10,YT,61158,29071,0
363,2021-07-10,NT,60876,28748,0
364,2021-07-10,NU,38668,16902,0
365,2021-07-17,BC,6004668,2310888,0
366,2021-07-17,AB,4980821,2177629,0
367,2021-07-17,SK,1341561,593819,0
368,2021-07-17,MB,1691511,748344,103
369,2021-07-17,ON,17979575,7726829,0
370,2021-07-17,QC,10228130,3952269,3317
371,2021-07-17,NL,582878,186374,0
372,2021-07-17,NB,958918,401409,0
373,2021-07-17,NS,1193508,470591,0
374,2021-07-17,PE,174815,53753,0
375,2021-07-17,YT,61883,29621,0
376,2021-07-17,NT,61741,29287,0
377,2021-07-17,NU,40754,18455,0
378,2021-07-24,BC,6422503,2692024,0
379,2021-07-24,AB,5157947,2331079,0
380,2021-07-24,SK,1381066,625944,0
381,2021-07-24,MB,1749940,795051,139
382,2021-07-24,ON,18848661,8480761,0
383,2021-07-24,QC,10845231,4524683,3754
384,2021-07-24,NL,625002,226357,0
385,2021-07-24,NB,1005101,441023,0
386,2021-07-24,NS,1271948,541389,0
387,2021-07-24,PE,187160,64478,0
388,2021-07-24,YT,62666,30199,0
389,2021-07-24,NT,62725,29940,0
390,2021-07-24,NU,41311,18816,0
391,2021-07-31,BC,6774257,3008360,0
392,2021-07-31,AB,5294361,2444290,0
393,2021-07-31,SK,1411497,650100,0
394,2021-07-31,MB,1824985,855874,165
395,2021-07-31,ON,19459198,8985638,0
396,2021-07-31,QC,11343916,4978580,6049
397,2021-07-31,NL,662606,260035,0
398,2021-07-31,NB,1031439,462780,0
399,2021-07-31,NS,1345401,606975,0
400,2021-07-31,PE,199191,75318,0
401,2021-07-31,YT,63242,30533,0
402,2021-07-31,NT,63564,30497,0
403,2021-07-31,NU,42032,19313,0
404,2021-08-07,BC,6993104,3195128,0
405,2021-08-07,AB,5365607,2497933,0
406,2021-08-07,SK,1430018,664144,0
407,2021-08-07,MB,1857993,881813,193
408,2021-08-07,ON,19825240,9280698,0
409,2021-08-07,QC,11704087,5292402,8620
410,2021-08-07,NL,698395,291870,0
411,2021-08-07,NB,1051567,478750,0
412,2021-08-07,NS,1387232,643507,0
413,2021-08-07,PE,210946,85833,0
414,2021-08-07,YT,63824,30921,0
415,2021-08-07,NT,64296,30999,0
416,2021-08-07,NU,42715,19794,0
417,2021-08-14,BC,7164020,3337348,0
418,2021-08-14,AB,5423834,2539474,0
419,2021-08-14,SK,1444378,674499,0
420,2021-08-14,MB,1879818,898150,223
421,2021-08-14,ON,20146936,9532105,0
422,2021-08-14,QC,12015886,5545329,11580
423,2021-08-14,NL,730140,319200,0
424,2021-08-14,NB,1068501,491599,0
425,2021-08-14,NS,1403617,657205,0
426,2021-08-14,PE,222436,96307,0
427,2021-08-14,YT,64263,31259,0
428,2021-08-14,NT,64729,31283,0
429,2021-08-14,NU,43158,20081,0
430,2021-08-21,BC,7296096,3442163,0
431,2021-08-21,AB,5477098,2574709,0
432,2021-08-21,SK,1458806,684023,0
433,2021-08-21,MB,1899659,911813,244
434,2021-08-21,ON,20433440,9731926,0
435,2021-08-21,QC,12325831,5797637,14545
436,2021-08-21,NL,760145,346676,0
437,2021-08-21,NB,1082569,501598,0
438,2021-08-21,NS,1422963,671921,0
439,2021-08-21,PE,232741,105678,0
440,2021-08-21,YT,64595,31502,0
441,2021-08-21,NT,65467,31756,0
442,2021-08-21,NU,43628,20369,0
443,2021-08-28,BC,7408715,3514485,0
444,2021-08-28,AB,5528420,2606944,0
445,2021-08-28,SK,1472272,692313,0
446,2021-08-28,MB,1919940,924959,285
447,2021-08-28,ON,20679316,9892465,0
448,2021-08-28,QC,12558779,5976384,17479
449,2021-08-28,NL,776397,360371,0
450,2021-08-28,NB,1104142,518501,0
451,2021-08-28,NS,1439698,685346,0
452,2021-08-28,PE,239883,111966,0
453,2021-08-28,YT,65139,31848,0
454,2021-08-28,NT,66295,32113,0
455,2021-08-28,NU,44122,20638,0
456,2021-09-04,BC,7509127,3572841,0
457,2021-09-04,AB,5583842,2639184,0
458,2021-09-04,SK,1486624,700593,0
459,2021-09-04,MB,1944380,938928,338
460,2021-09-04,ON,20917550,10031003,0
461,2021-09-04,QC,12740860,6100829,23862
462,2021-09-04,NL,786493,368567,0
463,2021-09-04,NB,1119321,528063,0
464,2021-09-04,NS,1451801,693714,0
465,2021-09-04,PE,243650,115024,0
466,2021-09-04,YT,65353,31977,0
467,2021-09-04,NT,67111,32475,0
468,2021-09-04,NU,44564,20887,0
469,2021-09-11,BC,7583999,3614503,0
470,2021-09-11,AB,5634146,2664986,0
471,2021-09-11,SK,1498709,707273,0
472,2021-09-11,MB,1962739,948662,403
473,2021-09-11,ON,21138345,10152637,0
474,2021-09-11,QC,12887356,6191521,33561
475,2021-09-11,NL,795546,374891,0
476,2021-09-11,NB,1127422,532991,0
477,2021-09-11,NS,1464075,701708,0
478,2021-09-11,PE,246214,116871,0
479,2021-09-11,YT,65472,32051,0
480,2021-09-11,NT,67601,32689,0
481,2021-09-11,NU,44923,21074,0
482,2021-09-18,BC,7675294,3659495,0
483,2021-09-18,AB,5754307,2699191,42745
484,2021-09-18,SK,1515564,715998,0
485,2021-09-18,MB,1979684,957730,1159
486,2021-09-18,ON,21357675,10280570,0
487,2021-09-18,QC,13019651,6271220,43668
488,2021-09-18,NL,804647,381607,0
489,2021-09-18,NB,1138881,539484,0
490,2021-09-18,NS,1480851,711312,0
491,2021-09-18,PE,248935,118795,0
492,2021-09-18,YT,65765,32239,0
493,2021-09-18,NT,68114,32930,0
494,2021-09-18,NU,45347,21216,0
495,2021-09-25,BC,7771314,3709554,0
496,2021-09-25,AB,5963532,2760404,106031
497,2021-09-25,SK,1542287,727357,0
498,2021-09-25,MB,1996216,966876,3084
499,2021-09-25,ON,21614205,10437551,0
500,2021-09-25,QC,13123240,6335269,51655
501,2021-09-25,NL,811577,385877,0
502,2021-09-25,NB,1155893,547486,0
503,2021-09-25,NS,1496634,719820,0
504,2021-09-25,PE,251706,120465,0
505,2021-09-25,YT,65966,32375,0
506,2021-09-25,NT,68757,33302,0
507,2021-09-25,NU,45347,21216,0
508,2021-10-02,BC,7852885,3761048,4756
509,2021-10-02,AB,6085230,2801282,131547
510,2021-10-02,SK,1567255,738553,0
511,2021-10-02,MB,2013841,977229,5442
512,2021-10-02,ON,21847046,10583567,0
513,2021-10-02,QC,13214197,6392022,59408
514,2021-10-02,NL,821829,392100,0
515,2021-10-02,NB,1179181,558491,0
516,2021-10-02,NS,1512263,728168,0
517,2021-10-02,PE,252873,121132,0
518,2021-10-02,YT,66211,32480,73
519,2021-10-02,NT,69242,33588,496
520,2021-10-02,NU,46430,21683,0
521,2021-10-09,BC,7937214,3811076,11341
522,2021-10-09,AB,6192093,2840719,157408
523,2021-10-09,SK,1635904,751905,40192
524,2021-10-09,MB,2035110,986893,11622
525,2021-10-09,ON,22042483,10707708,0
526,2021-10-09,QC,13297230,6443981,65727
527,2021-10-09,NL,832044,397862,0
528,2021-10-09,NB,1193408,565024,0
529,2021-10-09,NS,1529212,737561,0
530,2021-10-09,PE,255617,122697,357
531,2021-10-09,YT,66685,32645,196
532,2021-10-09,NT,70449,33850,698
533,2021-10-09,NU,46959,21963,0
534,2021-10-16,BC,8025356,3848689,42815
535,2021-10-16,AB,6304054,2886025,192180
536,2021-10-16,SK,1665714,764398,45230
537,2021-10-16,MB,2056976,994840,20707
538,2021-10-16,ON,22208199,10815108,0
539,2021-10-16,QC,13372026,6488192,73550
540,2021-10-16,NL,843443,404034,0
541,2021-10-16,NB,1206744,571566,0
542,2021-10-16,NS,1543667,745517,0
543,2021-10-16,PE,260024,125203,590
544,2021-10-16,YT,66685,32645,297
545,2021-10-16,NT,71370,34209,998
546,2021-10-16,NU,46959,21963,0
547,2021-10-23,BC,8120458,3891058,76896
548,2021-10-23,AB,6424188,2945712,228280
549,2021-10-23,SK,1693808,778676,50958
550,2021-10-23,MB,2075973,1001413,28956
551,2021-10-23,ON,22365905,10918231,0
552,2021-10-23,QC,13449998,6525564,93016
553,2021-10-23,NL,857633,411561,0
554,2021-10-23,NB,1220804,580294,0
555,2021-10-23,NS,1558391,753331,796
556,2021-10-23,PE,260024,125203,590
557,2021-10-23,YT,67267,32879,412
558,2021-10-23,NT,72553,34492,1658
559,2021-10-23,NU,48148,22485,0
560,2021-10-30,BC,8218844,3940563,101131
561,2021-10-30,AB,6528133,3001199,257477
562,2021-10-30,SK,1722541,793686,58066
563,2021-10-30,MB,2093490,1007268,37089
564,2021-10-30,ON,22498977,11007022,0
565,2021-10-30,QC,13527956,6557030,121657
566,2021-10-30,NL,866788,416799,0
567,2021-10-30,NB,1231517,588142,0
568,2021-10-30,NS,1572667,761334,2502
569,2021-10-30,PE,264696,127759,1061
570,2021-10-30,YT,67558,33002,446
571,2021-10-30,NT,75161,34788,3630
572,2021-10-30,NU,48763,22752,0
573,2021-11-06,BC,8311858,3976133,151456
574,2021-11-06,AB,6606404,3042368,278608
575,2021-11-06,SK,1753758,807319,70306
576,2021-11-06,MB,2111624,1012637,46674
577,2021-11-06,ON,22594149,11069363,0
578,2021-11-06,QC,13609642,6582923,162021
579,2021-11-06,NL,873910,421154,0
580,2021-11-06,NB,1242174,596024,0
581,2021-11-06,NS,1583479,767200,4586
582,2021-11-06,PE,267042,128932,1803
583,2021-11-06,YT,68468,33133,1036
584,2021-11-06,NT,78565,35070,6520
585,2021-11-06,NU,49251,23004,0
586,2021-11-13,BC,8423484,4013176,207105
587,2021-11-13,AB,6686587,3075466,312076
588,2021-11-13,SK,1775265,817518,77197
589,2021-11-13,MB,2127467,1016874,55643
590,2021-11-13,ON,22699834,11138723,0
591,2021-11-13,QC,13688154,6607156,201521
592,2021-11-13,NL,880489,425888,0
593,2021-11-13,NB,1248824,601019,0
594,2021-11-13,NS,1593242,772138,7306
595,2021-11-13,PE,269867,130061,3108
596,2021-11-13,YT,70763,33227,3089
597,2021-11-13,NT,82006,35402,9392
598,2021-11-13,NU,49644,23228,0
599,2021-11-20,BC,8535388,4037425,283726
600,2021-11-20,AB,6772885,3115782,340107
601,2021-11-20,SK,1791273,826131,81488
602,2021-11-20,MB,2142713,1021206,63916
603,2021-11-20,ON,22791463,11197154,0
604,2021-11-20,QC,13755962,6629396,233226
605,2021-11-20,NL,884093,428618,0
606,2021-11-20,NB,1257216,607451,0
607,2021-11-20,NS,1616350,785380,9729
608,2021-11-20,PE,272737,131070,4637
609,2021-11-20,YT,72761,33342,4846
610,2021-11-20,NT,82006,35402,9392
611,2021-11-20,NU,50122,23473,0
612,2021-11-27,BC,8630478,4046967,375890
613,2021-11-27,AB,6834512,3143861,361387
614,2021-11-27,SK,1812135,833795,85413
615,2021-11-27,MB,2164682,1025232,73371
616,2021-11-27,ON,22895217,11245640,0
617,2021-11-27,QC,13842363,6649088,256067
618,2021-11-27,NL,895893,437457,0
619,2021-11-27,NB,1262589,611338,0
620,2021-11-27,NS,1628737,788942,16690
621,2021-11-27,PE,274022,131597,5222
622,2021-11-27,YT,74181,33449,6089
623,2021-11-27,NT,85169,35918,11756
624,2021-11-27,NU,50769,23790,0
625,2021-12-04,BC,8761618,4064971,469486
626,2021-12-04,AB,6949321,3163881,394704
627,2021-12-04,SK,1850781,839359,93243
628,2021-12-04,MB,2206933,1028551,89316
629,2021-12-04,ON,23913372,11288025,783991
630,2021-12-04,QC,14028737,6663301,298370
631,2021-12-04,NL,901450,439047,0
632,2021-12-04,NB,1268576,614830,0
633,2021-12-04,NS,1646458,793402,26757
634,2021-12-04,PE,278877,132682,7477
635,2021-12-04,YT,76473,33758,7771
636,2021-12-04,NT,86566,36187,12535
637,2021-12-04,NU,51224,24037,0
638,2021-12-11,BC,8919000,4081772,563632
639,2021-12-11,AB,7094431,3184238,482534
640,2021-12-11,SK,1892527,844090,118853
641,2021-12-11,MB,2254390,1031491,114731
642,2021-12-11,ON,24387806,11323370,1074634
643,2021-12-11,QC,14247631,6676328,389551
644,2021-12-11,NL,912448,442276,0
645,2021-12-11,NB,1342380,617387,63198
646,2021-12-11,NS,1671588,790288,40860
647,2021-12-11,PE,282743,133282,9018
648,2021-12-11,YT,78190,33891,9116
649,2021-12-11,NT,88819,36464,13264
650,2021-12-11,NU,52289,24198,0
651,2021-12-18,BC,9101805,4096876,688503
652,2021-12-18,AB,7251484,3195552,594730
653,2021-12-18,SK,1953285,848330,169365
654,2021-12-18,MB,2341929,1034557,185780
655,2021-12-18,ON,25174953,11355707,1727744
656,2021-12-18,QC,14576502,6689192,617341
657,2021-12-18,NL,922405,444495,0
658,2021-12-18,NB,1385907,619812,96016
659,2021-12-18,NS,1718187,792129,73668
660,2021-12-18,PE,286492,133691,11085
661,2021-12-18,YT,79649,33967,9990
662,2021-12-18,NT,90279,36630,13946
663,2021-12-18,NU,54397,24483,0
664,2021-12-25,BC,9276592,4108585,807413
665,2021-12-25,AB,7452649,3211241,761153
666,2021-12-25,SK,2019537,852343,227768
667,2021-12-25,MB,2407710,1036297,245589
668,2021-12-25,ON,26435461,11388860,2863624
669,2021-12-25,QC,15059219,6702436,1044498
670,2021-12-25,NL,931055,446648,0
671,2021-12-25,NB,1429851,621534,133466
672,2021-12-25,NS,1758286,793489,105019
673,2021-12-25,PE,292619,133999,15181
674,2021-12-25,YT,80825,34029,10341
675,2021-12-25,NT,91434,36803,14692
676,2021-12-25,NU,54791,24665,0
677,2022-01-01,BC,9399015,4115041,909598
678,2022-01-01,AB,7594578,3212007,887392
679,2022-01-01,SK,2083560,857368,283558
680,2022-01-01,MB,2441661,1037539,276639
681,2022-01-01,ON,27311125,11415518,3662068
682,2022-01-01,QC,15444640,6711562,1405744
683,2022-01-01,NL,932249,447111,0
684,2022-01-01,NB,1452045,622395,152407
685,2022-01-01,NS,1791016,794817,133044
686,2022-01-01,PE,292619,133999,15181
687,2022-01-01,YT,80825,34029,10341
688,2022-01-01,NT,91434,36803,14692
689,2022-01-01,NU,55230,24746,0
690,2022-01-08,BC,9604331,4123009,1089410
691,2022-01-08,AB,7825022,3223444,1087405
692,2022-01-08,SK,2128090,866037,314597
693,2022-01-08,MB,2548223,1041044,373869
694,2022-01-08,ON,28324152,11462390,4571616
695,2022-01-08,QC,15942679,6724651,1872698
696,2022-01-08,NL,934192,447810,0
697,2022-01-08,NB,1488815,623892,184284
698,2022-01-08,NS,1842770,796012,180694
699,2022-01-08,PE,302771,134316,23995
700,2022-01-08,YT,83875,34201,12844
701,2022-01-08,NT,92957,36943,15864
702,2022-01-08,NU,55740,24832,0
703,2022-01-15,BC,9962096,4132647,1412493
704,2022-01-15,AB,8007767,3242357,1239464
705,2022-01-15,SK,2194619,876137,365082
706,2022-01-15,MB,2624569,1044743,440805
707,2022-01-15,ON,29337677,11530464,5440984
708,2022-01-15,QC,16661070,6742281,2543681
709,2022-01-15,NL,939733,449755,0
710,2022-01-15,NB,1533010,625621,223777
711,2022-01-15,NS,1909828,800180,239090
712,2022-01-15,PE,314880,134681,34273
713,2022-01-15,YT,87871,34440,16274
714,2022-01-15,NT,93926,37022,16619
715,2022-01-15,NU,56225,24998,0
716,2022-01-22,BC,10334333,4142310,1754646
717,2022-01-22,AB,8124814,3248574,1348382
718,2022-01-22,SK,2248820,884599,405845
719,2022-01-22,MB,2688402,1049953,493634
720,2022-01-22,ON,29977268,11595052,5955345
721,2022-01-22,QC,17362055,6779928,3176522
722,2022-01-22,NL,941771,450386,0
723,2022-01-22,NB,1586297,627392,271987
724,2022-01-22,NS,1998064,798609,327601
725,2022-01-22,PE,325811,135061,43863
726,2022-01-22,YT,88855,34514,17131
727,2022-01-22,NT,94939,37132,17362
728,2022-01-22,NU,56820,25197,0
729,2022-01-29,BC,10640763,4153936,2034020
730,2022-01-29,AB,8255417,3275269,1431208
731,2022-01-29,SK,2290101,893793,433752
732,2022-01-29,MB,2732174,1060362,522823
733,2022-01-29,ON,30490270,11696545,6316931
734,2022-01-29,QC,17911880,6869379,3612295
735,2022-01-29,NL,948615,454481,0
736,2022-01-29,NB,1639654,631670,317456
737,2022-01-29,NS,2094109,801014,418261
738,2022-01-29,PE,331772,135649,48502
739,2022-01-29,YT,89982,34664,17977
740,2022-01-29,NT,95869,37421,17883
741,2022-01-29,NU,68345,25367,11123
742,2022-02-05,BC,10872777,4177582,2230209
743,2022-02-05,AB,8345443,3295207,1483339
744,2022-02-05,SK,2328769,899228,451254
745,2022-02-05,MB,2764802,1069858,542865
746,2022-02-05,ON,30949011,11802058,6561032
747,2022-02-05,QC,18258146,6951500,3858253
748,2022-02-05,NL,957817,462006,0
749,2022-02-05,NB,1674393,638399,343140
750,2022-02-05,NS,2145666,809686,458668
751,2022-02-05,PE,348469,137486,62442
752,2022-02-05,YT,90574,34856,18308
753,2022-02-05,NT,96926,38000,18272
754,2022-02-05,NU,69834,25925,11770
755,2022-02-12,BC,11068342,4207822,2386677
756,2022-02-12,AB,8409914,3322760,1518309
757,2022-02-12,SK,2329597,899829,451254
758,2022-02-12,MB,2795792,1081217,559562
759,2022-02-12,ON,31248014,11887639,6726615
760,2022-02-12,QC,18485021,7014095,4009185
761,2022-02-12,NL,961944,465392,0
762,2022-02-12,NB,1693505,643911,355154
763,2022-02-12,NS,2175757,817844,479356
764,2022-02-12,PE,355229,138942,67369
765,2022-02-12,YT,91299,35180,18661
766,2022-02-12,NT,97806,38516,18543
767,2022-02-12,NU,71668,26645,12523
768,2022-02-19,BC,11216953,4238801,2497755
769,2022-02-19,AB,8455738,3338611,1542068
770,2022-02-19,SK,2329597,899829,451254
771,2022-02-19,MB,2818315,1090744,570578
772,2022-02-19,ON,31467215,11955214,6847871
773,2022-02-19,QC,18621247,7055232,4096080
774,2022-02-19,NL,967199,469904,0
775,2022-02-19,NB,1710295,648317,366149
776,2022-02-19,NS,2196425,824695,492234
777,2022-02-19,PE,355229,138942,67369
778,2022-02-19,YT,89370,34032,18868
779,2022-02-19,NT,98529,38816,18881
780,2022-02-19,NU,73331,27289,13182
781,2022-02-26,BC,11310191,4262169,2562949
782,2022-02-26,AB,8486394,3349593,1557488
783,2022-02-26,SK,2329597,899829,451254
784,2022-02-26,MB,2830568,1095447,576911
785,2022-02-26,ON,31645374,11998022,6958202
786,2022-02-26,QC,18723958,7077996,4170019
787,2022-02-26,NL,970503,472741,0
788,2022-02-26,NB,1722288,652502,373196
789,2022-02-26,NS,2210140,829001,498548
790,2022-02-26,PE,363678,140935,73514
791,2022-02-26,YT,90058,34338,19214
792,2022-02-26,NT,98969,38996,19101
793,2022-02-26,NU,74352,27776,13523
794,2022-03-05,BC,11361559,4277334,2595400
795,2022-03-05,AB,8509282,3358164,1568339
796,2022-03-05,SK,2329597,899829,451254
797,2022-03-05,MB,2840311,1099486,581703
798,2022-03-05,ON,31773683,12032707,7031101
799,2022-03-05,QC,18791568,7090456,4220898
800,2022-03-05,NL,1258346,474738,285534
801,2022-03-05,NB,1729088,654567,377401
802,2022-03-05,NS,2217196,831009,503257
803,2022-03-05,PE,367300,141226,76663
804,2022-03-05,YT,90425,34567,19341
805,2022-03-05,NT,99311,39128,19277
806,2022-03-05,NU,74881,27989,13738
807,2022-03-12,BC,11398503,4289912,2616708
808,2022-03-12,AB,8528703,3358378,1577337
809,2022-03-12,SK,2329597,899829,451254
810,2022-03-12,MB,2847639,1102303,585330
811,2022-03-12,ON,31867050,12060541,7079357
812,2022-03-12,QC,18840328,7103379,4252486
813,2022-03-12,NL,1260650,475891,286504
814,2022-03-12,NB,1733241,655731,380040
815,2022-03-12,NS,2217196,831009,503257
816,2022-03-12,PE,369073,141752,77786
817,2022-03-12,YT,90642,34661,19473
818,2022-03-12,NT,99311,39128,19277
819,2022-03-12,NU,75394,28244,13890
820,2022-03-19,BC,11434211,4303324,2636829
821,2022-03-19,AB,8550867,3364574,1589971
822,2022-03-19,SK,2329597,899829,451254
823,2022-03-19,MB,2853637,1104825,588188
824,2022-03-19,ON,31957858,12088054,7126487
825,2022-03-19,QC,18882883,7115324,4278990
826,2022-03-19,NL,1260650,475891,286504
827,2022-03-19,NB,1734432,656062,380762
828,2022-03-19,NS,2217196,831009,503257
829,2022-03-19,PE,371154,142664,78816
830,2022-03-19,YT,90932,34793,19616
831,2022-03-19,NT,99769,39285,19529
832,2022-03-19,NU,75945,28510,14086
833,2022-03-26,BC,11468257,4316033,2655809
834,2022-03-26,AB,8565479,3368383,1598895
835,2022-03-26,SK,2336814,900769,483213
836,2022-03-26,MB,2860118,1107564,591305
837,2022-03-26,ON,32026035,12106871,7160512
838,2022-03-26,QC,18927974,7125604,4307006
839,2022-03-26,NL,1264499,476756,289311
840,2022-03-26,NB,1737641,656976,382776
841,2022-03-26,NS,2217196,831009,503257
842,2022-03-26,PE,372378,143061,79554
843,2022-03-26,YT,91117,34876,19706
844,2022-03-26,NT,99908,39328,19602
845,2022-03-26,NU,76392,28720,14257
846,2022-04-02,BC,11495364,4325534,2671344
847,2022-04-02,AB,8586230,3381375,1610588
848,2022-04-02,SK,2336814,900769,483213
849,2022-04-02,MB,2863534,1108820,593160
850,2022-04-02,ON,32084745,12122293,7189977
851,2022-04-02,QC,19017481,7135087,4339466
852,2022-04-02,NL,1264499,476756,289311
853,2022-04-02,NB,1740082,657661,384305
854,2022-04-02,NS,2235685,842600,503257
855,2022-04-02,PE,373337,143341,80143
856,2022-04-02,YT,91357,34951,19851
857,2022-04-02,NT,100094,39402,19685
858,2022-04-02,NU,76670,28828,14376
859,2022-04-09,BC,11503889,4328412,2676557
860,2022-04-09,AB,8603560,3386264,1620011
861,2022-04-09,SK,2336814,900769,483213
862,2022-04-09,MB,2863534,1108820,593160
863,2022-04-09,ON,32177268,12134753,7220800
864,2022-04-09,QC,19183536,7140960,4368220
865,2022-04-09,NL,1264499,476756,289311
866,2022-04-09,NB,1742093,658240,385579
867,2022-04-09,NS,2235685,842600,503257
868,2022-04-09,PE,373938,143496,80515
869,2022-04-09,YT,91517,35022,19935
870,2022-04-09,NT,100212,39446,19736
871,2022-04-09,NU,77083,29021,14519
872,2022-04-16,BC,11503889,4328412,2676557
873,2022-04-16,AB,8621854,3389886,1629405
874,2022-04-16,SK,2336814,900769,483213
875,2022-04-16,MB,2863534,1108820,593160
876,2022-04-16,ON,32371402,12146018,7251451
877,2022-04-16,QC,19425080,7145840,4392470
878,2022-04-16,NL,1264499,476756,289311
879,2022-04-16,NB,1743499,658382,386526
880,2022-04-16,NS,2235685,842600,503257
881,2022-04-16,PE,374491,143567,80907
882,2022-04-16,YT,91517,35022,19935
883,2022-04-16,NT,100512,39484,19825
884,2022-04-16,NU,77083,29021,14519
885,2022-04-23,BC,11571091,4351124,2716306
886,2022-04-23,AB,8664335,3385976,1638454
887,2022-04-23,SK,2405480,913935,491475
888,2022-04-23,MB,2863534,1108820,593160
889,2022-04-23,ON,32572210,12156542,7279492
890,2022-04-23,QC,19629466,7149006,4409930
891,2022-04-23,NL,1264499,476756,289311
892,2022-04-23,NB,1744806,658615,387467
893,2022-04-23,NS,2235685,842600,503257
894,2022-04-23,PE,375687,143741,81338
895,2022-04-23,YT,91707,35089,20047
896,2022-04-23,NT,100512,39484,19825
897,2022-04-23,NU,77083,29021,14519
898,2022-04-30,BC,11605045,4355573,2743666
899,2022-04-30,AB,8698772,3389176,1646253
900,2022-04-30,SK,2421490,912271,493272
901,2022-04-30,MB,2863534,1108820,593160
902,2022-04-30,ON,32759866,12167164,7305474
903,2022-04-30,QC,19824657,7153033,4427273
904,2022-04-30,NL,1264499,476756,289311
905,2022-04-30,NB,1746304,658872,388550
906,2022-04-30,NS,2235685,842600,503257
907,2022-04-30,PE,376855,143804,81616
908,2022-04-30,YT,91707,35089,20047
909,2022-04-30,NT,100831,39525,19911
910,2022-04-30,NU,77083,29021,14519
911,2022-05-07,BC,11637908,4359500,2721848
912,2022-05-07,AB,8741621,3392584,1658116
913,2022-05-07,SK,2447113,912817,495206
914,2022-05-07,MB,2863534,1108820,593160
915,2022-05-07,ON,32924140,12176491,7325918
916,2022-05-07,QC,19961505,7156150,4440015
917,2022-05-07,NL,1264499,476756,289311
918,2022-05-07,NB,1747568,659105,389435
919,2022-05-07,NS,2235685,842600,503257
920,2022-05-07,PE,378536,143973,81932
921,2022-05-07,YT,91963,35143,20224
922,2022-05-07,NT,100831,39525,19911
923,2022-05-07,NU,77083,29021,14519
924,2022-05-14,BC,11637908,4359500,2721848
925,2022-05-14,AB,8772287,3394959,1664080
926,2022-05-14,SK,2470905,913292,496819
927,2022-05-14,MB,2863534,1108820,593160
928,2022-05-14,ON,33056135,12183548,7339963
929,2022-05-14,QC,20083579,7159832,4453653
930,2022-05-14,NL,1264499,476756,289311
931,2022-05-14,NB,1748729,659327,390204
932,2022-05-14,NS,2235685,842600,503257
933,2022-05-14,PE,378536,143973,81932
934,2022-05-14,YT,92155,35206,20312
935,2022-05-14,NT,101209,39575,20025
936,2022-05-14,NU,77083,29021,14519
937,2022-05-21,BC,11721850,4365568,2737325
938,2022-05-21,AB,8802520,3397198,1669417
939,2022-05-21,SK,2488443,913769,498339
940,2022-05-21,MB,2863534,1108820,593160
941,2022-05-21,ON,33224923,12193332,7357628
942,2022-05-21,QC,20170094,7163528,4465851
943,2022-05-21,NL,1264499,476756,289311
944,2022-05-21,NB,1749707,659540,390860
945,2022-05-21,NS,2235685,842600,503257
946,2022-05-21,PE,381692,144157,82321
947,2022-05-21,YT,92155,35206,20312
948,2022-05-21,NT,101209,39575,20025
949,2022-05-21,NU,77083,29021,14519
950,2022-05-28,BC,11773329,4368237,2743594
951,2022-05-28,AB,8825042,3407041,1673879
952,2022-05-28,SK,2500350,914182,499504
953,2022-05-28,MB,2863534,1108820,593160
954,2022-05-28,ON,33326680,12199821,7369078
955,2022-05-28,QC,20227194,7166997,4475981
956,2022-05-28,NL,1264499,476756,289311
957,2022-05-28,NB,1750682,659747,391542
958,2022-05-28,NS,2235685,842600,503257
959,2022-05-28,PE,384503,144210,82594
960,2022-05-28,YT,92155,35206,20312
961,2022-05-28,NT,101864,39615,20138
962,2022-05-28,NU,77083,29021,14519
963,2022-06-04,BC,11826489,4371128,2748565
964,2022-06-04,AB,8847062,3409240,1678592
965,2022-06-04,SK,2507865,914527,500418
966,2022-06-04,MB,2863534,1108820,593160
967,2022-06-04,ON,33421757,12207728,7381250
968,2022-06-04,QC,20270818,7170342,4484775
969,2022-06-04,NL,1264499,476756,289311
970,2022-06-04,NB,1751534,659945,392106
971,2022-06-04,NS,2235685,842600,503257
972,2022-06-04,PE,384503,144210,82594
973,2022-06-04,YT,92155,35206,20312
974,2022-06-04,NT,101864,39615,20138
975,2022-06-04,NU,77083,29021,14519
976,2022-06-11,BC,11883759,4373590,2753669
977,2022-06-11,AB,8863877,3403562,1682929
978,2022-06-11,SK,2514106,914913,501331
979,2022-06-11,MB,2863534,1108820,593160
980,2022-06-11,ON,33500820,12214746,7391656
981,2022-06-11,QC,20307324,7173556,4492795
982,2022-06-11,NL,1264499,476756,289311
983,2022-06-11,NB,1752632,660200,392840
984,2022-06-11,NS,2235685,842600,503257
985,2022-06-11,PE,388281,144353,82925
986,2022-06-11,YT,92392,35265,20459
987,2022-06-11,NT,101864,39615,20138
988,2022-06-11,NU,77083,29021,14519
989,2022-06-18,BC,11939413,4376269,2759421
990,2022-06-18,AB,8878391,3405632,1686602
991,2022-06-18,SK,2519088,915279,502142
992,2022-06-18,MB,2863534,1108820,593160
993,2022-06-18,ON,33574138,12221046,7401729
994,2022-06-18,QC,20341606,7176320,4500074
995,2022-06-18,NL,1264499,476756,289311
996,2022-06-18,NB,1753566,660429,393422
997,2022-06-18,NS,2235685,842600,503257
998,2022-06-18,PE,388281,144353,82925
999,2022-06-18,YT,92557,35326,20553
1000,2022-06-18,NT,101864,39615,20138
1001,2022-06-18,NU,77083,29021,14519
1002,2022-06-25,BC,11994569,4378515,2765576
1003,2022-06-25,AB,8888658,3406934,1689107
1004,2022-06-25,SK,2523427,915596,502870
1005,2022-06-25,MB,2863534,1108820,593160
1006,2022-06-25,ON,33653315,12226562,7411765
1007,2022-06-25,QC,20371052,7179134,4507152
1008,2022-06-25,NL,1264499,476756,289311
1009,2022-06-25,NB,1754412,660626,393948
1010,2022-06-25,NS,2235685,842600,503257
1011,2022-06-25,PE,391227,144466,83158
1012,2022-06-25,YT,92557,35326,20553
1013,2022-06-25,NT,102863,39663,20278
1014,2022-06-25,NU,77083,29021,14519
1015,2022-07-02,BC,11994569,4378515,2765576
1016,2022-07-02,AB,8888658,3406934,1689107
1017,2022-07-02,SK,2527074,915908,503457
1018,2022-07-02,MB,2863534,1108820,593160
1019,2022-07-02,ON,33716859,12232743,7422174
1020,2022-07-02,QC,20400295,7181199,4513264
1021,2022-07-02,NL,1264499,476756,289311
1022,2022-07-02,NB,1755117,660794,394402
1023,2022-07-02,NS,2235685,842600,503257
1024,2022-07-02,PE,391227,144466,83158
1025,2022-07-02,YT,92557,35326,20553
1026,2022-07-02,NT,102863,39663,20278
1027,2022-07-02,NU,77083,29021,14519
1028,2022-07-09,BC,12074608,4381153,2775252
1029,2022-07-09,AB,8909619,3409805,1694954
1030,2022-07-09,SK,2527074,915908,503457
1031,2022-07-09,MB,2863534,1108820,593160
1032,2022-07-09,ON,33801699,12238267,7434375
1033,2022-07-09,QC,20456274,7183896,4522829
1034,2022-07-09,NL,1264499,476756,289311
1035,2022-07-09,NB,1755732,660954,394777
1036,2022-07-09,NS,2235685,842600,503257
1037,2022-07-09,PE,391227,144466,83158
1038,2022-07-09,YT,92557,35326,20553
1039,2022-07-09,NT,102863,39663,20278
1040,2022-07-09,NU,77083,29021,14519
1041,2022-07-16,BC,12118797,4383476,2783316
1042,2022-07-16,AB,8924603,3411394,1698798
1043,2022-07-16,SK,2527074,915908,503457
1044,2022-07-16,MB,2863534,1108820,593160
1045,2022-07-16,ON,33921824,12243774,7447517
1046,2022-07-16,QC,20532992,7186426,4533429
1047,2022-07-16,NL,1264499,476756,289311
1048,2022-07-16,NB,1756308,661075,395140
1049,2022-07-16,NS,2235685,842600,503257
1050,2022-07-16,PE,391227,144466,83158
1051,2022-07-16,YT,92743,35380,20672
1052,2022-07-16,NT,102863,39663,20278
1053,2022-07-16,NU,77083,29021,14519
1054,2022-07-23,BC,12164203,4385202,2790202
1055,2022-07-23,AB,8942981,3412985,1703317
1056,2022-07-23,SK,2527074,915908,503457
1057,2022-07-23,MB,2863534,1108820,593160
1058,2022-07-23,ON,34132591,12250288,7464063
1059,2022-07-23,QC,20613565,7188643,4543013
1060,2022-07-23,NL,1264499,476756,289311
1061,2022-07-23,NB,1757172,661271,395689
1062,2022-07-23,NS,2235685,842600,503257
1063,2022-07-23,PE,391227,144466,83158
1064,2022-07-23,YT,92743,35380,20672
1065,2022-07-23,NT,102863,39663,20278
1066,2022-07-23,NU,77083,29021,14519
1067,2022-07-30,BC,12206980,4387271,2797169
1068,2022-07-30,AB,8978340,3414320,1706531
1069,2022-07-30,SK,2527074,915908,503457
1070,2022-07-30,MB,3001252,1101542,607635
1071,2022-07-30,ON,34297575,12256163,7478279
1072,2022-07-30,QC,20656584,7190631,4550775
1073,2022-07-30,NL,1264499,476756,289311
1074,2022-07-30,NB,1757172,661271,395689
1075,2022-07-30,NS,2235685,842600,503257
1076,2022-07-30,PE,391227,144466,83158
1077,2022-07-30,YT,92743,35380,20672
1078,2022-07-30,NT,102863,39663,20278
1079,2022-07-30,NU,77083,29021,14519
1080,2022-08-06,BC,12234222,4388711,2801619
1081,2022-08-06,AB,8999088,3415323,1708895
1082,2022-08-06,SK,2527074,915908,503457
1083,2022-08-06,MB,3001252,1101542,607635
1084,2022-08-06,ON,34430880,12261684,7491878
1085,2022-08-06,QC,20764664,7192481,4557587
1086,2022-08-06,NL,1264499,476756,289311
1087,2022-08-06,NB,1757172,661271,395689
1088,2022-08-06,NS,2235685,842600,503257
1089,2022-08-06,PE,391227,144466,83158
1090,2022-08-06,YT,92743,35380,20672
1091,2022-08-06,NT,102863,39663,20278
1092,2022-08-06,NU,77083,29021,14519
1093,2022-08-13,BC,12259478,4390154,2805607
1094,2022-08-13,AB,9039069,3416644,1712827
1095,2022-08-13,SK,2527074,915908,503457
1096,2022-08-13,MB,3001252,1101542,607635
1097,2022-08-13,ON,34541680,12267284,7503508
1098,2022-08-13,QC,20796444,7194089,4563534
1099,2022-08-13,NL,1264499,476756,289311
1100,2022-08-13,NB,1757172,661271,395689
1101,2022-08-13,NS,2235685,842600,503257
1102,2022-08-13,PE,391227,144466,83158
1103,2022-08-13,YT,92743,35380,20672
1104,2022-08-13,NT,102863,39663,20278
1105,2022-08-13,NU,77083,29021,14519
1106,2022-08-20,BC,12283721,4391562,2809598
1107,2022-08-20,AB,9141292,3419175,1722238
1108,2022-08-20,SK,2533382,916695,505063
1109,2022-08-20,MB,3001252,1101542,607635
1110,2022-08-20,ON,34631321,12273112,7513534
1111,2022-08-20,QC,20908542,7196134,4572002
1112,2022-08-20,NL,1264499,476756,289311
1113,2022-08-20,NB,1757172,661271,395689
1114,2022-08-20,NS,2235685,842600,503257
1115,2022-08-20,PE,391227,144466,83158
1116,2022-08-20,YT,92743,35380,20672
1117,2022-08-20,NT,102863,39663,20278
1118,2022-08-20,NU,77083,29021,14519
1119,2022-08-27,BC,12283721,4391562,2809598
1120,2022-08-27,AB,9168950,3420533,1725843
1121,2022-08-27,SK,2533382,916695,505063
1122,2022-08-27,MB,3001252,1101542,607635
1123,2022-08-27,ON,34715368,12279312,7525728
1124,2022-08-27,QC,21014555,7197513,4578096
1125,2022-08-27,NL,1264499,476756,289311
1126,2022-08-27,NB,1757172,661271,395689
1127,2022-08-27,NS,2235685,842600,503257
1128,2022-08-27,PE,391227,144466,83158
1129,2022-08-27,YT,92743,35380,20672
1130,2022-08-27,NT,102863,39663,20278
1131,2022-08-27,NU,77083,29021,14519
1132,2022-09-03,BC,12323527,4394224,2817057
1133,2022-09-03,AB,9194772,3422049,1729819
1134,2022-09-03,SK,2533382,916695,505063
1135,2022-09-03,MB,3001252,1101542,607635
1136,2022-09-03,ON,34796917,12285851,7545000
1137,2022-09-03,QC,21134499,7199296,4585492
1138,2022-09-03,NL,1264499,476756,289311
1139,2022-09-03,NB,1757172,661271,395689
1140,2022-09-03,NS,2235685,842600,503257
1141,2022-09-03,PE,391227,144466,83158
1142,2022-09-03,YT,92743,35380,20672
1143,2022-09-03,NT,102863,39663,20278
1144,2022-09-03,NU,77083,29021,14519
1145,2022-09-10,BC,12343991,4395973,2824017
1146,2022-09-10,AB,9217066,3423156,1736333
1147,2022-09-10,SK,2533382,916695,505063
1148,2022-09-10,MB,3001252,1101542,607635
1149,2022-09-10,ON,34856793,12290036,7562990
1150,2022-09-10,QC,21219508,7200474,4591833
1151,2022-09-10,NL,1264499,476756,289311
1152,2022-09-10,NB,1757172,661271,395689
1153,2022-09-10,NS,2235685,842600,503257
1154,2022-09-10,PE,391227,144466,83158
1155,2022-09-10,YT,92743,35380,20672
1156,2022-09-10,NT,102863,39663,20278
1157,2022-09-10,NU,77083,29021,14519
1158,2022-09-17,BC,12367515,4396892,2835501
1159,2022-09-17,AB,9235395,3424064,1740443
1160,2022-09-17,SK,2533382,916695,505063
1161,2022-09-17,MB,3001252,1101542,607635
1162,2022-09-17,ON,34943960,12294399,7576843
1163,2022-09-17,QC,21353986,7201812,4598708
1164,2022-09-17,NL,1264499,476756,289311
1165,2022-09-17,NB,1757172,661271,395689
1166,2022-09-17,NS,2235685,842600,503257
1167,2022-09-17,PE,391227,144466,83158
1168,2022-09-17,YT,92743,35380,20672
1169,2022-09-17,NT,102863,39663,20278
1170,2022-09-17,NU,77083,29021,14519
1171,2022-09-24,BC,12419400,4398096,2846500
1172,2022-09-24,AB,9246916,3424948,1743220
1173,2022-09-24,SK,2533382,916695,505063
1174,2022-09-24,MB,3001252,1101542,607635
1175,2022-09-24,ON,35067395,12298954,7586354
1176,2022-09-24,QC,21487932,7203648,4605792
1177,2022-09-24,NL,1264499,476756,289311
1178,2022-09-24,NB,1757172,661271,395689
1179,2022-09-24,NS,2235685,842600,503257
1180,2022-09-24,PE,391227,144466,83158
1181,2022-09-24,YT,92743,35380,20672
1182,2022-09-24,NT,102863,39663,20278
1183,2022-09-24,NU,77083,29021,14519
1184,2022-10-01,BC,12541872,4399082,2856792
1185,2022-10-01,AB,9285898,3425775,1746578
1186,2022-10-01,SK,2533382,916695,505063
1187,2022-10-01,MB,3001252,1101542,607635
1188,2022-10-01,ON,35303013,12304281,7597831
1189,2022-10-01,QC,21629376,7206045,4613326
1190,2022-10-01,NL,1264499,476756,289311
1191,2022-10-01,NB,1757172,661271,395689
1192,2022-10-01,NS,2235685,842600,503257
1193,2022-10-01,PE,391227,144466,83158
1194,2022-10-01,YT,92743,35380,20672
1195,2022-10-01,NT,102863,39663,20278
1196,2022-10-01,NU,77083,29021,14519
1197,2022-10-08,BC,12675386,4400903,2867232
1198,2022-10-08,AB,9285898,3425775,1746578
1199,2022-10-08,SK,2630158,920507,516000
1200,2022-10-08,MB,3001252,1101542,607635
1201,2022-10-08,ON,35531933,12310932,7609256
1202,2022-10-08,QC,21754950,7208308,4619774
1203,2022-10-08,NL,1264499,476756,289311
1204,2022-10-08,NB,1757172,661271,395689
1205,2022-10-08,NS,2235685,842600,503257
1206,2022-10-08,PE,391227,144466,83158
1207,2022-10-08,YT,92743,35380,20672
1208,2022-10-08,NT,102863,39663,20278
1209,2022-10-08,NU,77083,29021,14519
1210,2022-10-15,BC,12828144,4403870,2877842
1211,2022-10-15,AB,9358108,3428936,1753271
1212,2022-10-15,SK,2630158,920507,516000
1213,2022-10-15,MB,3001252,1101542,607635
1214,2022-10-15,ON,35707109,12316544,7618574
1215,2022-10-15,QC,21877365,7210384,4625949
1216,2022-10-15,NL,1264499,476756,289311
1217,2022-10-15,NB,1757172,661271,395689
1218,2022-10-15,NS,2235685,842600,503257
1219,2022-10-15,PE,391227,144466,83158
1220,2022-10-15,YT,92743,35380,20672
1221,2022-10-15,NT,102863,39663,20278
1222,2022-10-15,NU,77083,29021,14519
1223,2022-10-22,BC,12986557,4406948,2886785
1224,2022-10-22,AB,9396964,3430550,1756821
1225,2022-10-22,SK,2630158,920507,516000
1226,2022-10-22,MB,3001252,1101542,607635
1227,2022-10-22,ON,35980342,12322879,7631086
1228,2022-10-22,QC,22027861,7212651,4633677
1229,2022-10-22,NL,1264499,476756,289311
1230,2022-10-22,NB,1757172,661271,395689
1231,2022-10-22,NS,2235685,842600,503257
1232,2022-10-22,PE,391227,144466,83158
1233,2022-10-22,YT,92743,35380,20672
1234,2022-10-22,NT,102863,39663,20278
1235,2022-10-22,NU,77083,29021,14519
1236,2022-10-29,BC,13162012,4410559,2896885
1237,2022-10-29,AB,9454899,3432396,1762393
1238,2022-10-29,SK,2630158,920507,516000
1239,2022-10-29,MB,3001252,1101542,607635
1240,2022-10-29,ON,36273148,12328659,7645343
1241,2022-10-29,QC,22177422,7214675,4641215
1242,2022-10-29,NL,1264499,476756,289311
1243,2022-10-29,NB,1757172,661271,395689
1244,2022-10-29,NS,2235685,842600,503257
1245,2022-10-29,PE,391227,144466,83158
1246,2022-10-29,YT,92743,35380,20672
1247,2022-10-29,NT,102863,39663,20278
1248,2022-10-29,NU,77083,29021,14519
1249,2022-11-05,BC,13338227,4414097,2907268
1250,2022-11-05,AB,9547824,3433915,1769999
1251,2022-11-05,SK,2630158,920507,516000
1252,2022-11-05,MB,3001252,1101542,607635
1253,2022-11-05,ON,36529303,12333989,7658051
1254,2022-11-05,QC,22311166,7216456,4648195
1255,2022-11-05,NL,1264499,476756,289311
1256,2022-11-05,NB,1757172,661271,395689
1257,2022-11-05,NS,2235685,842600,503257
1258,2022-11-05,PE,391227,144466,83158
1259,2022-11-05,YT,92743,35380,20672
1260,2022-11-05,NT,102863,39663,20278
1261,2022-11-05,NU,77083,29021,14519
1262,2022-11-12,BC,13498251,4417043,2917489
1263,2022-11-12,AB,9600748,3435276,1775413
1264,2022-11-12,SK,2630158,920507,516000
1265,2022-11-12,MB,3001252,1101542,607635
1266,2022-11-12,ON,36762368,12338811,7671234
1267,2022-11-12,QC,22356773,7218153,4655207
1268,2022-11-12,NL,1264499,476756,289311
1269,2022-11-12,NB,1757172,661271,395689
1270,2022-11-12,NS,2235685,842600,503257
1271,2022-11-12,PE,391227,144466,83158
1272,2022-11-12,YT,92743,35380,20672
1273,2022-11-12,NT,102863,39663,20278
1274,2022-11-12,NU,77083,29021,14519
1275,2022-11-19,BC,13630313,4420051,2927328
1276,2022-11-19,AB,9652112,3436689,1781469
1277,2022-11-19,SK,2630158,920507,516000
1278,2022-11-19,MB,3001252,1101542,607635
1279,2022-11-19,ON,36957106,12342989,7683609
1280,2022-11-19,QC,22556376,7219898,4663030
1281,2022-11-19,NL,1264499,476756,289311
1282,2022-11-19,NB,1757172,661271,395689
1283,2022-11-19,NS,2235685,842600,503257
1284,2022-11-19,PE,391227,144466,83158
1285,2022-11-19,YT,92743,35380,20672
1286,2022-11-19,NT,102863,39663,20278
1287,2022-11-19,NU,77083,29021,14519
1288,2022-11-26,BC,13759603,4423626,2938061
1289,2022-11-26,AB,9697929,3438112,1787261
1290,2022-11-26,SK,2630158,920507,516000
1291,2022-11-26,MB,3001252,1101542,607635
1292,2022-11-26,ON,37184355,12350247,7700887
1293,2022-11-26,QC,22693021,7221760,4672841
1294,2022-11-26,NL,1264499,476756,289311
1295,2022-11-26,NB,1757172,661271,395689
1296,2022-11-26,NS,2235685,842600,503257
1297,2022-11-26,PE,391227,144466,83158
1298,2022-11-26,YT,92743,35380,20672
1299,2022-11-26,NT,102863,39663,20278
1300,2022-11-26,NU,77083,29021,14519
1301,2022-12-03,BC,13857145,4426867,2947265
1302,2022-12-03,AB,9734651,3439462,1792346
1303,2022-12-03,SK,2630158,920507,516000
1304,2022-12-03,MB,3001252,1101542,607635
1305,2022-12-03,ON,37317694,12354908,7723830
1306,2022-12-03,QC,22815482,7223497,4681937
1307,2022-12-03,NL,1264499,476756,289311
1308,2022-12-03,NB,1757172,661271,395689
1309,2022-12-03,NS,2235685,842600,503257
1310,2022-12-03,PE,391227,144466,83158
1311,2022-12-03,YT,92743,35380,20672
1312,2022-12-03,NT,102863,39663,20278
1313,2022-12-03,NU,77083,29021,14519
1314,2022-12-10,BC,13936791,4431867,2954692
1315,2022-12-10,AB,9762868,3440626,1796273
1316,2022-12-10,SK,2630158,920507,516000
1317,2022-12-10,MB,3001252,1101542,607635
1318,2022-12-10,ON,37412027,12357938,7731556
1319,2022-12-10,QC,22923669,7225122,4690764
1320,2022-12-10,NL,1264499,476756,289311
1321,2022-12-10,NB,1757172,661271,395689
1322,2022-12-10,NS,2235685,842600,503257
1323,2022-12-10,PE,391227,144466,83158
1324,2022-12-10,YT,92743,35380,20672
1325,2022-12-10,NT,102863,39663,20278
1326,2022-12-10,NU,77083,29021,14519
1327,2022-12-17,BC,14046044,4436900,2966324
1328,2022-12-17,AB,9818705,3442774,1803054
1329,2022-12-17,SK,2630158,920507,516000
1330,2022-12-17,MB,3001252,1101542,607635
1331,2022-12-17,ON,37582716,12363793,7744670
1332,2022-12-17,QC,23063984,7227718,4702884
1333,2022-12-17,NL,1264499,476756,289311
1334,2022-12-17,NB,1757172,661271,395689
1335,2022-12-17,NS,2235685,842600,503257
1336,2022-12-17,PE,391227,144466,83158
1337,2022-12-17,YT,92743,35380,20672
1338,2022-12-17,NT,102863,39663,20278
1339,2022-12-17,NU,77083,29021,14519
1340,2022-12-24,BC,14046044,4436900,2966324
1341,2022-12-24,AB,9818705,3442774,1803054
1342,2022-12-24,SK,2630158,920507,516000
1343,2022-12-24,MB,3001252,1101542,607635
1344,2022-12-24,ON,37697262,12368621,7754780
1345,2022-12-24,QC,23111211,7228483,4706620
1346,2022-12-24,NL,1264499,476756,289311
1347,2022-12-24,NB,1757172,661271,395689
1348,2022-12-24,NS,2235685,842600,503257
1349,2022-12-24,PE,391227,144466,83158
1350,2022-12-24,YT,92743,35380,20672
1351,2022-12-24,NT,102863,39663,20278
1352,2022-12-24,NU,77083,29021,14519
1353,2022-12-31,BC,14046044,4436900,2966324
1354,2022-12-31,AB,9818705,3442774,1803054
1355,2022-12-31,SK,2630158,920507,516000
1356,2022-12-31,MB,3001252,1101542,607635
1357,2022-12-31,ON,37752658,12370984,7761552
1358,2022-12-31,QC,23133627,7229233,4708979
1359,2022-12-31,NL,1264499,476756,289311
1360,2022-12-31,NB,1757172,661271,395689
1361,2022-12-31,NS,2235685,842600,503257
1362,2022-12-31,PE,391227,144466,83158
1363,2022-12-31,YT,92743,35380,20672
1364,2022-12-31,NT,102863,39663,20278
1365,2022-12-31,NU,77083,29021,14519
1366,2023-01-07,BC,14090637,4439789,2972393
1367,2023-01-07,AB,9818705,3442774,1803054
1368,2023-01-07,SK,2630158,920507,516000
1369,2023-01-07,MB,3001252,1101542,607635
1370,2023-01-07,ON,37836982,12374730,7771020
1371,2023-01-07,QC,23160048,7229951,4711461
1372,2023-01-07,NL,1264499,476756,289311
1373,2023-01-07,NB,1757172,661271,395689
1374,2023-01-07,NS,2235685,842600,503257
1375,2023-01-07,PE,391227,144466,83158
1376,2023-01-07,YT,92743,35380,20672
1377,2023-01-07,NT,102863,39663,20278
1378,2023-01-07,NU,77083,29021,14519
1379,2023-01-14,BC,14123293,4441648,2975991
1380,2023-01-14,AB,9892050,3445203,1810790
1381,2023-01-14,SK,2630158,920507,516000
1382,2023-01-14,MB,3001252,1101542,607635
1383,2023-01-14,ON,37928242,12378944,7779088
1384,2023-01-14,QC,23198570,7231126,4714292
1385,2023-01-14,NL,1264499,476756,289311
1386,2023-01-14,NB,1757172,661271,395689
1387,2023-01-14,NS,2235685,842600,503257
1388,2023-01-14,PE,391227,144466,83158
1389,2023-01-14,YT,92743,35380,20672
1390,2023-01-14,NT,102863,39663,20278
1391,2023-01-14,NU,77083,29021,14519
1392,2023-01-21,BC,14154024,4444068,2979492
1393,2023-01-21,AB,9917329,3446178,1813359
1394,2023-01-21,SK,2630158,920507,516000
1395,2023-01-21,MB,3001252,1101542,607635
1396,2023-01-21,ON,37995971,12382176,7785042
1397,2023-01-21,QC,23231114,7232171,4716414
1398,2023-01-21,NL,1264499,476756,289311
1399,2023-01-21,NB,1757172,661271,395689
1400,2023-01-21,NS,2235685,842600,503257
1401,2023-01-21,PE,391227,144466,83158
1402,2023-01-21,YT,92743,35380,20672
1403,2023-01-21,NT,102863,39663,20278
1404,2023-01-21,NU,77083,29021,14519
1405,2023-01-28,BC,14173315,4446218,2982060
1406,2023-01-28,AB,9934751,3446994,1815245
1407,2023-01-28,SK,2630158,920507,516000
1408,2023-01-28,MB,3001252,1101542,607635
1409,2023-01-28,ON,38054158,12231747,7701481
1410,2023-01-28,QC,23251848,7233096,4717887
1411,2023-01-28,NL,1264499,476756,289311
1412,2023-01-28,NB,1757172,661271,395689
1413,2023-01-28,NS,2235685,842600,503257
1414,2023-01-28,PE,391227,144466,83158
1415,2023-01-28,YT,92743,35380,20672
1416,2023-01-28,NT,102863,39663,20278
1417,2023-01-28,NU,77083,29021,14519
1418,2023-02-04,BC,14188905,4448378,2984068
1419,2023-02-04,AB,9949142,3447853,1816947
1420,2023-02-04,SK,2630158,920507,516000
1421,2023-02-04,MB,3001252,1101542,607635
1422,2023-02-04,ON,38080914,12232782,7703699
1423,2023-02-04,QC,23267808,7233867,4719045
1424,2023-02-04,NL,1264499,476756,289311
1425,2023-02-04,NB,1757172,661271,395689
1426,2023-02-04,NS,2235685,842600,503257
1427,2023-02-04,PE,391227,144466,83158
1428,2023-02-04,YT,92743,35380,20672
1429,2023-02-04,NT,102863,39663,20278
1430,2023-02-04,NU,77083,29021,14519
1431,2023-02-11,BC,14199479,4450092,2985470
1432,2023-02-11,AB,9961151,3448625,1818256
1433,2023-02-11,SK,2630158,920507,516000
1434,2023-02-11,MB,3001252,1101542,607635
1435,2023-02-11,ON,38132391,12230054,7703223
1436,2023-02-11,QC,23278600,7234443,4719870
1437,2023-02-11,NL,1264499,476756,289311
1438,2023-02-11,NB,1757172,661271,395689
1439,2023-02-11,NS,2235685,842600,503257
1440,2023-02-11,PE,391227,144466,83158
1441,2023-02-11,YT,92743,35380,20672
1442,2023-02-11,NT,102863,39663,20278
1443,2023-02-11,NU,77083,29021,14519
1444,2023-02-18,BC,14210618,4451985,2986869
1445,2023-02-18,AB,9970975,3449372,1819365
1446,2023-02-18,SK,2630158,920507,516000
1447,2023-02-18,MB,3001252,1101542,607635
1448,2023-02-18,ON,38162764,12230352,7704326
1449,2023-02-18,QC,23288410,7235136,4720565
1450,2023-02-18,NL,1264499,476756,289311
1451,2023-02-18,NB,1757172,661271,395689
1452,2023-02-18,NS,2235685,842600,503257
1453,2023-02-18,PE,391227,144466,83158
1454,2023-02-18,YT,92743,35380,20672
1455,2023-02-18,NT,102863,39663,20278
1456,2023-02-18,NU,77083,29021,14519
1457,2023-02-25,BC,14219993,4453751,2988126
1458,2023-02-25,AB,9978329,3449851,1820177
1459,2023-02-25,SK,2630158,920507,516000
1460,2023-02-25,MB,3001252,1101542,607635
1461,2023-02-25,ON,38186195,12230613,7705093
1462,2023-02-25,QC,23298227,7235682,4721171
1463,2023-02-25,NL,1264499,476756,289311
1464,2023-02-25,NB,1757172,661271,395689
1465,2023-02-25,NS,2235685,842600,503257
1466,2023-02-25,PE,391227,144466,83158
1467,2023-02-25,YT,92743,35380,20672
1468,2023-02-25,NT,102863,39663,20278
1469,2023-02-25,NU,77083,29021,14519
1470,2023-03-04,BC,14227695,4455174,2989189
1471,2023-03-04,AB,9985299,3450467,1821050
1472,2023-03-04,SK,2630158,920507,516000
1473,2023-03-04,MB,3001252,1101542,607635
1474,2023-03-04,ON,38212519,12232295,7705988
1475,2023-03-04,QC,23311156,7236141,4721729
1476,2023-03-04,NL,1264499,476756,289311
1477,2023-03-04,NB,1757172,661271,395689
1478,2023-03-04,NS,2235685,842600,503257
1479,2023-03-04,PE,391227,144466,83158
1480,2023-03-04,YT,92743,35380,20672
1481,2023-03-04,NT,102863,39663,20278
1482,2023-03-04,NU,77083,29021,14519
1483,2023-03-11,BC,14239220,4456614,2990420
1484,2023-03-11,AB,9992842,3451044,1821937
1485,2023-03-11,SK,2630158,920507,516000
1486,2023-03-11,MB,3001252,1101542,607635
1487,2023-03-11,ON,38237750,12230691,7704729
1488,2023-03-11,QC,23325326,7236523,4722225
1489,2023-03-11,NL,1264499,476756,289311
1490,2023-03-11,NB,1757172,661271,395689
1491,2023-03-11,NS,2235685,842600,503257
1492,2023-03-11,PE,391227,144466,83158
1493,2023-03-11,YT,92743,35380,20672
1494,2023-03-11,NT,102863,39663,20278
1495,2023-03-11,NU,77083,29021,14519
1496,2023-03-18,BC,14246777,4457729,2991295
1497,2023-03-18,AB,9998877,3451552,1822692
1498,2023-03-18,SK,2630158,920507,516000
1499,2023-03-18,MB,3001252,1101542,607635
1500,2023-03-18,ON,38262441,12230271,7705041
1501,2023-03-18,QC,23342442,7236899,4722718
1502,2023-03-18,NL,1264499,476756,289311
1503,2023-03-18,NB,1757172,661271,395689
1504,2023-03-18,NS,2235685,842600,503257
1505,2023-03-18,PE,391227,144466,83158
1506,2023-03-18,YT,92743,35380,20672
1507,2023-03-18,NT,102863,39663,20278
1508,2023-03-18,NU,77083,29021,14519
1509,2023-03-25,BC,14253636,4458594,2992145
1510,2023-03-25,AB,9998877,3451552,1822692
1511,2023-03-25,SK,2630158,920507,516000
1512,2023-03-25,MB,3001252,1101542,607635
1513,2023-03-25,ON,38285545,12229805,7705146
1514,2023-03-25,QC,23359016,7237289,4723161
1515,2023-03-25,NL,1264499,476756,289311
1516,2023-03-25,NB,1757172,661271,395689
1517,2023-03-25,NS,2235685,842600,503257
1518,2023-03-25,PE,391227,144466,83158
1519,2023-03-25,YT,92743,35380,20672
1520,2023-03-25,NT,102863,39663,20278
1521,2023-03-25,NU,77083,29021,14519
1522,2023-04-01,BC,14261881,4459565,2993073
1523,2023-04-01,AB,10011661,3452427,1824274
1524,2023-04-01,SK,2630158,920507,516000
1525,2023-04-01,MB,3001252,1101542,607635
1526,2023-04-01,ON,38309120,12229830,7705586
1527,2023-04-01,QC,23375800,7237599,4723550
1528,2023-04-01,NL,1264499,476756,289311
1529,2023-04-01,NB,1757172,661271,395689
1530,2023-04-01,NS,2235685,842600,503257
1531,2023-04-01,PE,391227,144466,83158
1532,2023-04-01,YT,92743,35380,20672
1533,2023-04-01,NT,102863,39663,20278
1534,2023-04-01,NU,77083,29021,14519
1535,2023-04-08,BC,14274355,4460225,2993938
1536,2023-04-08,AB,10017856,3452878,1824913
1537,2023-04-08,SK,2630158,920507,516000
1538,2023-04-08,MB,3001252,1101542,607635
1539,2023-04-08,ON,38330704,12225800,7702692
1540,2023-04-08,QC,23388354,7237797,4723935
1541,2023-04-08,NL,1264499,476756,289311
1542,2023-04-08,NB,1757172,661271,395689
1543,2023-04-08,NS,2235685,842600,503257
1544,2023-04-08,PE,391227,144466,83158
1545,2023-04-08,YT,92743,35380,20672
1546,2023-04-08,NT,102863,39663,20278
1547,2023-04-08,NU,77083,29021,14519
1548,2023-04-15,BC,14298488,4460587,2994806
1549,2023-04-15,AB,10024026,3453122,1825433
1550,2023-04-15,SK,2630158,920507,516000
1551,2023-04-15,MB,3001252,1101542,607635
1552,2023-04-15,ON,38362612,12225905,7703351
1553,2023-04-15,QC,23402384,7238098,4724316
1554,2023-04-15,NL,1264499,476756,289311
1555,2023-04-15,NB,1757172,661271,395689
1556,2023-04-15,NS,2235685,842600,503257
1557,2023-04-15,PE,391227,144466,83158
1558,2023-04-15,YT,92743,35380,20672
1559,2023-04-15,NT,102863,39663,20278
1560,2023-04-15,NU,77083,29021,14519
1561,2023-04-22,BC,14343876,4461186,2995501
1562,2023-04-22,AB,10032077,3453434,1826018
1563,2023-04-22,SK,2630158,920507,516000
1564,2023-04-22,MB,3001252,1101542,607635
1565,2023-04-22,ON,38397966,12225048,7703058
1566,2023-04-22,QC,23411340,7238250,4724551
1567,2023-04-22,NL,1264499,476756,289311
1568,2023-04-22,NB,1757172,661271,395689
1569,2023-04-22,NS,2235685,842600,503257
1570,2023-04-22,PE,391227,144466,83158
1571,2023-04-22,YT,92743,35380,20672
1572,2023-04-22,NT,102863,39663,20278
1573,2023-04-22,NU,77083,29021,14519
1574,2023-04-29,BC,14343876,4461186,2995501
1575,2023-04-29,AB,10040839,3453715,1826516
1576,2023-04-29,SK,2630158,920507,516000
1577,2023-04-29,MB,3001252,1101542,607635
1578,2023-04-29,ON,38434965,12225134,7703737
1579,2023-04-29,QC,23422748,7238426,4724840
1580,2023-04-29,NL,1264499,476756,289311
1581,2023-04-29,NB,1757172,661271,395689
1582,2023-04-29,NS,2235685,842600,503257
1583,2023-04-29,PE,391227,144466,83158
1584,2023-04-29,YT,92743,35380,20672
1585,2023-04-29,NT,102863,39663,20278
1586,2023-04-29,NU,77083,29021,14519
1587,2023-05-06,BC,14343876,4461186,2995501
1588,2023-05-06,AB,10050276,3454052,1827060
1589,2023-05-06,SK,2630158,920507,516000
1590,2023-05-06,MB,3001252,1101542,607635
1591,2023-05-06,ON,38471010,12222556,7701900
1592,2023-05-06,QC,23429466,7238553,4725136
1593,2023-05-06,NL,1264499,476756,289311
1594,2023-05-06,NB,1757172,661271,395689
1595,2023-05-06,NS,2235685,842600,503257
1596,2023-05-06,PE,391227,144466,83158
1597,2023-05-06,YT,92743,35380,20672
1598,2023-05-06,NT,102863,39663,20278
1599,2023-05-06,NU,77083,29021,14519
1600,2023-05-13,BC,14343876,4461186,2995501
1601,2023-05-13,AB,10050276,3454052,1827060
1602,2023-05-13,SK,2630158,920507,516000
1603,2023-05-13,MB,3001252,1101542,607635
1604,2023-05-13,ON,38561337,12222172,7702046
1605,2023-05-13,QC,23438243,7238705,4725370
1606,2023-05-13,NL,1264499,476756,289311
1607,2023-05-13,NB,1757172,661271,395689
1608,2023-05-13,NS,2235685,842600,503257
1609,2023-05-13,PE,391227,144466,83158
1610,2023-05-13,YT,92743,35380,20672
1611,2023-05-13,NT,102863,39663,20278
1612,2023-05-13,NU,77083,29021,14519
1613,2023-05-20,BC,14343876,4461186,2995501
1614,2023-05-20,AB,10062690,3454502,1827803
1615,2023-05-20,SK,2630158,920507,516000
1616,2023-05-20,MB,3001252,1101542,607635
1617,2023-05-20,ON,38618955,12221954,7702125
1618,2023-05-20,QC,23446342,7238850,4725588
1619,2023-05-20,NL,1264499,476756,289311
1620,2023-05-20,NB,1757172,661271,395689
1621,2023-05-20,NS,2235685,842600,503257
1622,2023-05-20,PE,391227,144466,83158
1623,2023-05-20,YT,92743,35380,20672
1624,2023-05-20,NT,102863,39663,20278
1625,2023-05-20,NU,77083,29021,14519
1626,2023-05-27,BC,14343876,4461186,2995501
1627,2023-05-27,AB,10062690,3454502,1827803
1628,2023-05-27,SK,2630158,920507,516000
1629,2023-05-27,MB,3001252,1101542,607635
1630,2023-05-27,ON,38658551,12221056,7701470
1631,2023-05-27,QC,23452700,7238816,4725809
1632,2023-05-27,NL,1264499,476756,289311
1633,2023-05-27,NB,1757172,661271,395689
1634,2023-05-27,NS,2235685,842600,503257
1635,2023-05-27,PE,391227,144466,83158
1636,2023-05-27,YT,92743,35380,20672
1637,2023-05-27,NT,102863,39663,20278
1638,2023-05-27,NU,77083,29021,14519
1639,2023-06-03,BC,14343876,4461186,2995501
1640,2023-06-03,AB,10062690,3454502,1827803
1641,2023-06-03,SK,2630158,920507,516000
1642,2023-06-03,MB,3001252,1101542,607635
1643,2023-06-03,ON,38696996,12220648,7701325
1644,2023-06-03,QC,23459602,7238971,4726054
1645,2023-06-03,NL,1264499,476756,289311
1646,2023-06-03,NB,1757172,661271,395689
1647,2023-06-03,NS,2235685,842600,503257
1648,2023-06-03,PE,391227,144466,83158
1649,2023-06-03,YT,92743,35380,20672
1650,2023-06-03,NT,102863,39663,20278
1651,2023-06-03,NU,77083,29021,14519
1652,2023-06-10,BC,14343876,4461186,2995501
1653,2023-06-10,AB,10076326,3455054,1828677
1654,2023-06-10,SK,2630158,920507,516000
1655,2023-06-10,MB,3001252,1101542,607635
1656,2023-06-10,ON,38728407,12217158,7698541
1657,2023-06-10,QC,23464960,7239046,4726243
1658,2023-06-10,NL,1264499,476756,289311
1659,2023-06-10,NB,1757172,661271,395689
1660,2023-06-10,NS,2235685,842600,503257
1661,2023-06-10,PE,391227,144466,83158
1662,2023-06-10,YT,92743,35380,20672
1663,2023-06-10,NT,102863,39663,20278
1664,2023-06-10,NU,77083,29021,14519
1665,2023-06-17,BC,14343876,4461186,2995501
1666,2023-06-17,AB,10058997,3447846,1830012
1667,2023-06-17,SK,2630158,920507,516000
1668,2023-06-17,MB,3001252,1101542,607635
1669,2023-06-17,ON,38756717,12216161,7697815
1670,2023-06-17,QC,23470410,7239172,4726439
1671,2023-06-17,NL,1264499,476756,289311
1672,2023-06-17,NB,1757172,661271,395689
1673,2023-06-17,NS,2235685,842600,503257
1674,2023-06-17,PE,391227,144466,83158
1675,2023-06-17,YT,92743,35380,20672
1676,2023-06-17,NT,102863,39663,20278
1677,2023-06-17,NU,77083,29021,14519
1678,2023-06-24,BC,14343876,4461186,2995501
1679,2023-06-24,AB,10062971,3448042,1830278
1680,2023-06-24,SK,2630158,920507,516000
1681,2023-06-24,MB,3001252,1101542,607635
1682,2023-06-24,ON,38778731,12215144,7697049
1683,2023-06-24,QC,23475662,7239288,4726630
1684,2023-06-24,NL,1264499,476756,289311
1685,2023-06-24,NB,1757172,661271,395689
1686,2023-06-24,NS,2235685,842600,503257
1687,2023-06-24,PE,391227,144466,83158
1688,2023-06-24,YT,92743,35380,20672
1689,2023-06-24,NT,102863,39663,20278
1690,2023-06-24,NU,77083,29021,14519
1691,2023-07-01,BC,14343876,4461186,2995501
1692,2023-07-01,AB,10066316,3448246,1830536
1693,2023-07-01,SK,2630158,920507,516000
1694,2023-07-01,MB,3001252,1101542,607635
1695,2023-07-01,ON,38799751,12214842,7696971
1696,2023-07-01,QC,23479367,7239362,4726758
1697,2023-07-01,NL,1264499,476756,289311
1698,2023-07-01,NB,1757172,661271,395689
1699,2023-07-01,NS,2235685,842600,503257
1700,2023-07-01,PE,391227,144466,83158
1701,2023-07-01,YT,92743,35380,20672
1702,2023-07-01,NT,102863,39663,20278
1703,2023-07-01,NU,77083,29021,14519
1704,2023-07-08,BC,14343876,4461186,2995501
1705,2023-07-08,AB,10066316,3448246,1830536
1706,2023-07-08,SK,2630158,920507,516000
1707,2023-07-08,MB,3001252,1101542,607635
1708,2023-07-08,ON,38813299,12211215,7694109
1709,2023-07-08,QC,23482332,7239415,4726862
1710,2023-07-08,NL,1264499,476756,289311
1711,2023-07-08,NB,1757172,661271,395689
1712,2023-07-08,NS,2235685,842600,503257
1713,2023-07-08,PE,391227,144466,83158
1714,2023-07-08,YT,92743,35380,20672
1715,2023-07-08,NT,102863,39663,20278
1716,2023-07-08,NU,77083,29021,14519
1717,2023-07-15,BC,14343876,4461186,2995501
1718,2023-07-15,AB,10066316,3448246,1830536
1719,2023-07-15,SK,2630158,920507,516000
1720,2023-07-15,MB,3001252,1101542,607635
1721,2023-07-15,ON,38825625,12209756,7692904
1722,2023-07-15,QC,23485940,7239522,4727007
1723,2023-07-15,NL,1264499,476756,289311
1724,2023-07-15,NB,1757172,661271,395689
1725,2023-07-15,NS,2235685,842600,503257
1726,2023-07-15,PE,391227,144466,83158
1727,2023-07-15,YT,92743,35380,20672
1728,2023-07-15,NT,102863,39663,20278
1729,2023-07-15,NU,77083,29021,14519
1730,2023-07-22,BC,14343876,4461186,2995501
1731,2023-07-22,AB,10066316,3448246,1830536
1732,2023-07-22,SK,2630158,920507,516000
1733,2023-07-22,MB,3001252,1101542,607635
1734,2023-07-22,ON,38835228,12208530,7691824
1735,2023-07-22,QC,23488854,7239578,4727136
1736,2023-07-22,NL,1264499,476756,289311
1737,2023-07-22,NB,1757172,661271,395689
1738,2023-07-22,NS,2235685,842600,503257
1739,2023-07-22,PE,391227,144466,83158
1740,2023-07-22,YT,92743,35380,20672
1741,2023-07-22,NT,102863,39663,20278
1742,2023-07-22,NU,77083,29021,14519
1743,2023-07-29,BC,14343876,4461186,2995501
1744,2023-07-29,AB,10077398,3448932,1831404
1745,2023-07-29,SK,2630158,920507,516000
1746,2023-07-29,MB,3001252,1101542,607635
1747,2023-07-29,ON,38843561,12207809,7691178
1748,2023-07-29,QC,23491903,7239627,4727309
1749,2023-07-29,NL,1264499,476756,289311
1750,2023-07-29,NB,1757172,661271,395689
1751,2023-07-29,NS,2235685,842600,503257
1752,2023-07-29,PE,391227,144466,83158
1753,2023-07-29,YT,92743,35380,20672
1754,2023-07-29,NT,102863,39663,20278
1755,2023-07-29,NU,77083,29021,14519
1756,2023-08-05,BC,14343876,4461186,2995501
1757,2023-08-05,AB,10077398,3448932,1831404
1758,2023-08-05,SK,2630158,920507,516000
1759,2023-08-05,MB,3001252,1101542,607635
1760,2023-08-05,ON,38851240,12205173,7688993
1761,2023-08-05,QC,23494661,7239696,4727415
1762,2023-08-05,NL,1264499,476756,289311
1763,2023-08-05,NB,1757172,661271,395689
1764,2023-08-05,NS,2235685,842600,503257
1765,2023-08-05,PE,391227,144466,83158
1766,2023-08-05,YT,92743,35380,20672
1767,2023-08-05,NT,102863,39663,20278
1768,2023-08-05,NU,77083,29021,14519
1769,2023-08-12,BC,14343876,4461186,2995501
1770,2023-08-12,AB,10077398,3448932,1831404
1771,2023-08-12,SK,2630158,920507,516000
1772,2023-08-12,MB,3001252,1101542,607635
1773,2023-08-12,ON,38859102,12204073,7688033
1774,2023-08-12,QC,23497117,7239747,4727550
1775,2023-08-12,NL,1264499,476756,289311
1776,2023-08-12,NB,1757172,661271,395689
1777,2023-08-12,NS,2235685,842600,503257
1778,2023-08-12,PE,391227,144466,83158
1779,2023-08-12,YT,92743,35380,20672
1780,2023-08-12,NT,102863,39663,20278
1781,2023-08-12,NU,77083,29021,14519
1782,2023-08-19,BC,14343876,4461186,2995501
1783,2023-08-19,AB,10077398,3448932,1831404
1784,2023-08-19,SK,2630158,920507,516000
1785,2023-08-19,MB,3001252,1101542,607635
1786,2023-08-19,ON,38868935,12203236,7687254
1787,2023-08-19,QC,23501893,7239829,4727729
1788,2023-08-19,NL,1264499,476756,289311
1789,2023-08-19,NB,1757172,661271,395689
1790,2023-08-19,NS,2235685,842600,503257
1791,2023-08-19,PE,391227,144466,83158
1792,2023-08-19,YT,92743,35380,20672
1793,2023-08-19,NT,102863,39663,20278
1794,2023-08-19,NU,77083,29021,14519
1795,2023-08-26,BC,14343876,4461186,2995501
1796,2023-08-26,AB,10077398,3448932,1831404
1797,2023-08-26,SK,2630158,920507,516000
1798,2023-08-26,MB,3001252,1101542,607635
1799,2023-08-26,ON,38878229,12202199,7686315
1800,2023-08-26,QC,23505830,7239914,4727866
1801,2023-08-26,NL,1264499,476756,289311
1802,2023-08-26,NB,1757172,661271,395689
1803,2023-08-26,NS,2235685,842600,503257
1804,2023-08-26,PE,391227,144466,83158
1805,2023-08-26,YT,92743,35380,20672
1806,2023-08-26,NT,102863,39663,20278
1807,2023-08-26,NU,77083,29021,14519
1808,2023-09-02,BC,14343876,4461186,2995501
1809,2023-09-02,AB,10077398,3448932,1831404
1810,2023-09-02,SK,2630158,920507,516000
1811,2023-09-02,MB,3001252,1101542,607635
1812,2023-09-02,ON,38886450,12201722,7685867
1813,2023-09-02,QC,23509133,7240027,4728036
1814,2023-09-02,NL,1264499,476756,289311
1815,2023-09-02,NB,1757172,661271,395689
1816,2023-09-02,NS,2235685,842600,503257
1817,2023-09-02,PE,391227,144466,83158
1818,2023-09-02,YT,92743,35380,20672
1819,2023-09-02,NT,102863,39663,20278
1820,2023-09-02,NU,77083,29021,14519
1821,2023-09-09,BC,14343876,4461186,2995501
1822,2023-09-09,AB,10077398,3448932,1831404
1823,2023-09-09,SK,2630158,920507,516000
1824,2023-09-09,MB,3001252,1101542,607635
1825,2023-09-09,ON,38892712,12198352,7683075
1826,2023-09-09,QC,23511129,7240076,4728126
1827,2023-09-09,NL,1264499,476756,289311
1828,2023-09-09,NB,1757172,661271,395689
1829,2023-09-09,NS,2235685,842600,503257
1830,2023-09-09,PE,391227,144466,83158
1831,2023-09-09,YT,92743,35380,20672
1832,2023-09-09,NT,102863,39663,20278
1833,2023-09-09,NU,77083,29021,14519
1834,2023-09-16,BC,14343876,4461186,2995501
1835,2023-09-16,AB,10077398,3448932,1831404
1836,2023-09-16,SK,2630158,920507,516000
1837,2023-09-16,MB,3001252,1101542,607635
1838,2023-09-16,ON,38900305,12197206,7681997
1839,2023-09-16,QC,23513205,7240142,4728222
1840,2023-09-16,NL,1264499,476756,289311
1841,2023-09-16,NB,1757172,661271,395689
1842,2023-09-16,NS,2235685,842600,503257
1843,2023-09-16,PE,391227,144466,83158
1844,2023-09-16,YT,92743,35380,20672
1845,2023-09-16,NT,102863,39663,20278
1846,2023-09-16,NU,77083,29021,14519
1847,2023-09-23,BC,14343876,4461186,2995501
1848,2023-09-23,AB,10077398,3448932,1831404
1849,2023-09-23,SK,2630158,920507,516000
1850,2023-09-23,MB,3001252,1101542,607635
1851,2023-09-23,ON,38906399,12195870,7680821
1852,2023-09-23,QC,23515035,7240223,4728321
1853,2023-09-23,NL,1264499,476756,289311
1854,2023-09-23,NB,1757172,661271,395689
1855,2023-09-23,NS,2235685,842600,503257
1856,2023-09-23,PE,391227,144466,83158
1857,2023-09-23,YT,92743,35380,20672
1858,2023-09-23,NT,102863,39663,20278
1859,2023-09-23,NU,77083,29021,14519
1860,2023-09-30,BC,14343876,4461186,2995501
1861,2023-09-30,AB,10077398,3448932,1831404
1862,2023-09-30,SK,2630158,920507,516000
1863,2023-09-30,MB,3001252,1101542,607635
1864,2023-09-30,ON,38919588,12195121,7679900
1865,2023-09-30,QC,23516644,7240279,4728422
1866,2023-09-30,NL,1264499,476756,289311
1867,2023-09-30,NB,1757172,661271,395689
1868,2023-09-30,NS,2235685,842600,503257
1869,2023-09-30,PE,391227,144466,83158
1870,2023-09-30,YT,92743,35380,20672
1871,2023-09-30,NT,102863,39663,20278
1872,2023-09-30,NU,77083,29021,14519
1873,2023-10-07,BC,14343876,4461186,2995501
1874,2023-10-07,AB,10077398,3448932,1831404
1875,2023-10-07,SK,2630158,920507,516000
1876,2023-10-07,MB,3001252,1101542,607635
1877,2023-10-07,ON,38934784,12192213,7677750
1878,2023-10-07,QC,23518695,7240322,4728517
1879,2023-10-07,NL,1264499,476756,289311
1880,2023-10-07,NB,1757172,661271,395689
1881,2023-10-07,NS,2235685,842600,503257
1882,2023-10-07,PE,391227,144466,83158
1883,2023-10-07,YT,92743,35380,20672
1884,2023-10-07,NT,102863,39663,20278
1885,2023-10-07,NU,77083,29021,14519
1886,2023-10-14,BC,14343876,4461186,2995501
1887,2023-10-14,AB,10077398,3448932,1831404
1888,2023-10-14,SK,2630158,920507,516000
1889,2023-10-14,MB,3001252,1101542,607635
1890,2023-10-14,ON,38987109,12191166,7677348
1891,2023-10-14,QC,23548213,7240457,4728938
1892,2023-10-14,NL,1264499,476756,289311
1893,2023-10-14,NB,1757172,661271,395689
1894,2023-10-14,NS,2235685,842600,503257
1895,2023-10-14,PE,391227,144466,83158
1896,2023-10-14,YT,92743,35380,20672
1897,2023-10-14,NT,102863,39663,20278
1898,2023-10-14,NU,77083,29021,14519
1899,2023-10-21,BC,14343876,4461186,2995501
1900,2023-10-21,AB,10077398,3448932,1831404
1901,2023-10-21,SK,2630158,920507,516000
1902,2023-10-21,MB,3001252,1101542,607635
1903,2023-10-21,ON,39179552,12190395,7678421
1904,2023-10-21,QC,23715425,7241055,4731362
1905,2023-10-21,NL,1264499,476756,289311
1906,2023-10-21,NB,1757172,661271,395689
1907,2023-10-21,NS,2235685,842600,503257
1908,2023-10-21,PE,391227,144466,83158
1909,2023-10-21,YT,92743,35380,20672
1910,2023-10-21,NT,102863,39663,20278
1911,2023-10-21,NU,77083,29021,14519
1912,2023-10-28,BC,14343876,4461186,2995501
1913,2023-10-28,AB,10077398,3448932,1831404
1914,2023-10-28,SK,2630158,920507,516000
1915,2023-10-28,MB,3001252,1101542,607635
1916,2023-10-28,ON,39449512,12190536,7681462
1917,2023-10-28,QC,23908526,7241778,4734376
1918,2023-10-28,NL,1264499,476756,289311
1919,2023-10-28,NB,1757172,661271,395689
1920,2023-10-28,NS,2235685,842600,503257
1921,2023-10-28,PE,391227,144466,83158
1922,2023-10-28,YT,92743,35380,20672
1923,2023-10-28,NT,102863,39663,20278
1924,2023-10-28,NU,77083,29021,14519
1925,2023-11-04,BC,14343876,4461186,2995501
1926,2023-11-04,AB,10077398,3448932,1831404
1927,2023-11-04,SK,2630158,920507,516000
1928,2023-11-04,MB,3001252,1101542,607635
1929,2023-11-04,ON,39790714,12191038,7686213
1930,2023-11-04,QC,24115709,7242500,4737723
1931,2023-11-04,NL,1264499,476756,289311
1932,2023-11-04,NB,1757172,661271,395689
1933,2023-11-04,NS,2235685,842600,503257
1934,2023-11-04,PE,391227,144466,83158
1935,2023-11-04,YT,92743,35380,20672
1936,2023-11-04,NT,102863,39663,20278
1937,2023-11-04,NU,77083,29021,14519
1938,2023-11-11,BC,14343876,4461186,2995501
1939,2023-11-11,AB,10077398,3448932,1831404
1940,2023-11-11,SK,2630158,920507,516000
1941,2023-11-11,MB,3001252,1101542,607635
1942,2023-11-11,ON,40105534,12189254,7690430
1943,2023-11-11,QC,24304519,7243251,4741121
1944,2023-11-11,NL,1264499,476756,289311
1945,2023-11-11,NB,1757172,661271,395689
1946,2023-11-11,NS,2235685,842600,503257
1947,2023-11-11,PE,391227,144466,83158
1948,2023-11-11,YT,92743,35380,20672
1949,2023-11-11,NT,102863,39663,20278
1950,2023-11-11,NU,77083,29021,14519
1951,2023-11-18,BC,14343876,4461186,2995501
1952,2023-11-18,AB,10077398,3448932,1831404
1953,2023-11-18,SK,2630158,920507,516000
1954,2023-11-18,MB,3001252,1101542,607635
1955,2023-11-18,ON,40356805,12189335,7695973
1956,2023-11-18,QC,24462255,7243938,4744174
1957,2023-11-18,NL,1264499,476756,289311
1958,2023-11-18,NB,1757172,661271,395689
1959,2023-11-18,NS,2235685,842600,503257
1960,2023-11-18,PE,391227,144466,83158
1961,2023-11-18,YT,92743,35380,20672
1962,2023-11-18,NT,102863,39663,20278
1963,2023-11-18,NU,77083,29021,14519
1964,2023-11-25,BC,14343876,4461186,2995501
1965,2023-11-25,AB,10077398,3448932,1831404
1966,2023-11-25,SK,2630158,920507,516000
1967,2023-11-25,MB,3001252,1101542,607635
1968,2023-11-25,ON,40560315,12189352,7700924
1969,2023-11-25,QC,24623773,7244671,4747727
1970,2023-11-25,NL,1264499,476756,289311
1971,2023-11-25,NB,1757172,661271,395689
1972,2023-11-25,NS,2235685,842600,503257
1973,2023-11-25,PE,391227,144466,83158
1974,2023-11-25,YT,92743,35380,20672
1975,2023-11-25,NT,102863,39663,20278
1976,2023-11-25,NU,77083,29021,14519
1977,2023-12-02,BC,14343876,4461186,2995501
1978,2023-12-02,AB,10077398,3448932,1831404
1979,2023-12-02,SK,2630158,920507,516000
1980,2023-12-02,MB,3001252,1101542,607635
1981,2023-12-02,ON,40725280,12189442,7705469
1982,2023-12-02,QC,24741756,7245287,4750427
1983,2023-12-02,NL,1264499,476756,289311
1984,2023-12-02,NB,1757172,661271,395689
1985,2023-12-02,NS,2235685,842600,503257
1986,2023-12-02,PE,391227,144466,83158
1987,2023-12-02,YT,92743,35380,20672
1988,2023-12-02,NT,102863,39663,20278
1989,2023-12-02,NU,77083,29021,14519
1990,2023-12-09,BC,14343876,4461186,2995501
1991,2023-12-09,AB,10077398,3448932,1831404
1992,2023-12-09,SK,2630158,920507,516000
1993,2023-12-09,MB,3001252,1101542,607635
1994,2023-12-09,ON,40864267,12187696,7707839
1995,2023-12-09,QC,24855479,7245956,4753230
1996,2023-12-09,NL,1264499,476756,289311
1997,2023-12-09,NB,1757172,661271,395689
1998,2023-12-09,NS,2235685,842600,503257
1999,2023-12-09,PE,391227,144466,83158
2000,2023-12-09,YT,92743,35380,20672
2001,2023-12-09,NT,102863,39663,20278
2002,2023-12-09,NU,77083,29021,14519
2003,2023-12-16,BC,14343876,4461186,2995501
2004,2023-12-16,AB,10077398,3448932,1831404
2005,2023-12-16,SK,2630158,920507,516000
2006,2023-12-16,MB,3001252,1101542,607635
2007,2023-12-16,ON,40981988,12186740,7710636
2008,2023-12-16,QC,24932209,7246457,4755607
2009,2023-12-16,NL,1264499,476756,289311
2010,2023-12-16,NB,1757172,661271,395689
2011,2023-12-16,NS,2235685,842600,503257
2012,2023-12-16,PE,391227,144466,83158
2013,2023-12-16,YT,92743,35380,20672
2014,2023-12-16,NT,102863,39663,20278
2015,2023-12-16,NU,77083,29021,14519
2016,2023-12-23,BC,14343876,4461186,2995501
2017,2023-12-23,AB,10077398,3448932,1831404
2018,2023-12-23,SK,2630158,920507,516000
2019,2023-12-23,MB,3001252,1101542,607635
2020,2023-12-23,ON,41022539,12187175,7712526
2021,2023-12-23,QC,25009709,7247025,4758045
2022,2023-12-23,NL,1264499,476756,289311
2023,2023-12-23,NB,1757172,661271,395689
2024,2023-12-23,NS,2235685,842600,503257
2025,2023-12-23,PE,391227,144466,83158
2026,2023-12-23,YT,92743,35380,20672
2027,2023-12-23,NT,102863,39663,20278
2028,2023-12-23,NU,77083,29021,14519
2029,2023-12-30,BC,14343876,4461186,2995501
2030,2023-12-30,AB,10077398,3448932,1831404
2031,2023-12-30,SK,2630158,920507,516000
2032,2023-12-30,MB,3001252,1101542,607635
2033,2023-12-30,ON,41093366,12185368,7713294
2034,2023-12-30,QC,25053776,7247416,4759512
2035,2023-12-30,NL,1264499,476756,289311
2036,2023-12-30,NB,1757172,661271,395689
2037,2023-12-30,NS,2235685,842600,503257
2038,2023-12-30,PE,391227,144466,83158
2039,2023-12-30,YT,92743,35380,20672
2040,2023-12-30,NT,102863,39663,20278
2041,2023-12-30,NU,77083,29021,14519
